{
"type": "FeatureCollection",
"name": "levier",
"crs": { "type": "name", "properties": { "name": "urn:ogc:def:crs:OGC:1.3:CRS84" } },
"features": [
{ "type": "Feature", "properties": { "NOM_COM": "Levier", "CODE_DEP": "25", "CODE_INSEE": "25334" }, "geometry": { "type": "Polygon", "coordinates": [ [ [ 6.078104837305793, 46.924274057836563 ], [ 6.078005641681089, 46.924469892356299 ], [ 6.077807893949855, 46.924912182560782 ], [ 6.077723579940105, 46.925048330411954 ], [ 6.077610764701368, 46.925134330607975 ], [ 6.077579310284928, 46.925157066310994 ], [ 6.077537135466498, 46.925183242056761 ], [ 6.077516334468193, 46.925194430078704 ], [ 6.077448235243759, 46.925229587962185 ], [ 6.077405398260551, 46.925248753199519 ], [ 6.077257304359742, 46.925292625528606 ], [ 6.077168575419063, 46.925325811385044 ], [ 6.077059103604071, 46.92538045545502 ], [ 6.077016687723328, 46.92540240252886 ], [ 6.076900661826032, 46.925466682463281 ], [ 6.076607019601489, 46.925603824892228 ], [ 6.076413114689985, 46.925577646979825 ], [ 6.076363974021008, 46.925737993497172 ], [ 6.076295871278151, 46.925891007261676 ], [ 6.076176334684352, 46.926582506430449 ], [ 6.076097820056126, 46.927051884006836 ], [ 6.075974159258018, 46.927301080563574 ], [ 6.075891506596877, 46.927528998681936 ], [ 6.075832774132296, 46.927694196205401 ], [ 6.075802375762993, 46.927767902180982 ], [ 6.075674467692726, 46.928076590398838 ], [ 6.075342706267466, 46.928878094211143 ], [ 6.075175825603897, 46.929239361577224 ], [ 6.075073760341729, 46.929475275624803 ], [ 6.07492686424614, 46.930224988851258 ], [ 6.074865512792989, 46.930520005508271 ], [ 6.074538977395285, 46.931131697001625 ], [ 6.074381212095618, 46.931422167858571 ], [ 6.074059766126014, 46.93201020455929 ], [ 6.073983410737877, 46.932150191174294 ], [ 6.07373691944248, 46.932606116495769 ], [ 6.073705700347396, 46.93267011231606 ], [ 6.073482858886313, 46.933072424790858 ], [ 6.073660542384569, 46.933763738531709 ], [ 6.073730378346815, 46.934008760545886 ], [ 6.073755293836363, 46.934102254571144 ], [ 6.073843730244142, 46.93443147808221 ], [ 6.073914174742768, 46.934698739439291 ], [ 6.073950074522942, 46.9347795060173 ], [ 6.074016407729758, 46.935025342134985 ], [ 6.074046800197637, 46.935196629943334 ], [ 6.074073473440071, 46.935309449361647 ], [ 6.074140334724231, 46.935691778880496 ], [ 6.074154254598878, 46.935772320888411 ], [ 6.074256863161853, 46.936364539912205 ], [ 6.074306274156164, 46.936643535078666 ], [ 6.074282605594462, 46.936664530083377 ], [ 6.074173465583339, 46.936760158992485 ], [ 6.07347452554724, 46.937365921863325 ], [ 6.073457727674829, 46.937380516239493 ], [ 6.074064342731524, 46.937922528039948 ], [ 6.074430352096385, 46.938240020426441 ], [ 6.074722330110865, 46.938625082880137 ], [ 6.074827559276287, 46.938768243313469 ], [ 6.075269320942597, 46.939346454926536 ], [ 6.074811301302998, 46.940235479021162 ], [ 6.074459949152661, 46.940923065844402 ], [ 6.073855186422668, 46.942063785519238 ], [ 6.073535769646561, 46.942660953483106 ], [ 6.073143396906902, 46.943381976240509 ], [ 6.073068696425429, 46.943530567102464 ], [ 6.072770999506064, 46.944077325665056 ], [ 6.072671472058686, 46.94426829618665 ], [ 6.072263655400976, 46.945011982361933 ], [ 6.071988882277702, 46.945499379522573 ], [ 6.071794650713782, 46.945857582933627 ], [ 6.071247146309195, 46.946866378189021 ], [ 6.070956366252478, 46.947375733436694 ], [ 6.070628853205779, 46.947975088703402 ], [ 6.07016790543771, 46.948817492449059 ], [ 6.069887348271351, 46.949351980989015 ], [ 6.06920685348675, 46.950573525885417 ], [ 6.068889967222804, 46.951161418790122 ], [ 6.068490021285078, 46.951881000331639 ], [ 6.067051160708117, 46.954568512726553 ], [ 6.067215074650004, 46.954774001275204 ], [ 6.067256631587949, 46.954826867214088 ], [ 6.067332880824217, 46.95492061780125 ], [ 6.067487190866334, 46.955093654118564 ], [ 6.067603826111247, 46.95526598095811 ], [ 6.067621256948285, 46.955292548010284 ], [ 6.067625015377388, 46.95529848489673 ], [ 6.067731549847477, 46.955429632978337 ], [ 6.067793095662307, 46.955517016876101 ], [ 6.068014876452023, 46.955698618642899 ], [ 6.068226684029825, 46.955857509175694 ], [ 6.068231775536551, 46.955861428289083 ], [ 6.068237286771951, 46.955865786745477 ], [ 6.07156279469867, 46.958530323550427 ], [ 6.071627154681082, 46.958579066394179 ], [ 6.073536147527936, 46.960089672281789 ], [ 6.075688048300794, 46.961468163920614 ], [ 6.075694356429069, 46.961502685408504 ], [ 6.07570217162009, 46.961545185885143 ], [ 6.075758636216222, 46.961956803235061 ], [ 6.076129676048687, 46.962079895428616 ], [ 6.076733831051238, 46.962291373530007 ], [ 6.077307428913527, 46.962479246263115 ], [ 6.078092979730756, 46.962735071566506 ], [ 6.078666898511215, 46.962812912877844 ], [ 6.078777541778476, 46.962828339092667 ], [ 6.079394191207364, 46.962916929284091 ], [ 6.079691668135274, 46.962959080165476 ], [ 6.079939247334918, 46.962994003583816 ], [ 6.080443867147339, 46.963068191309823 ], [ 6.080928185322692, 46.963137152808663 ], [ 6.081095998366298, 46.963245747764923 ], [ 6.081316715231521, 46.963381941797572 ], [ 6.081489860475742, 46.963482464577467 ], [ 6.081599672142199, 46.963545575155656 ], [ 6.081790200725113, 46.963657796813791 ], [ 6.081910479809361, 46.963731349614598 ], [ 6.082246011701347, 46.963935203790996 ], [ 6.082292322641588, 46.963960275836072 ], [ 6.082394536841306, 46.964014758679639 ], [ 6.082563120636355, 46.964090623410769 ], [ 6.082905669449915, 46.964244370747963 ], [ 6.083622241127131, 46.964572825714434 ], [ 6.084058316047985, 46.964771642810639 ], [ 6.084284124211396, 46.964770827821475 ], [ 6.084533785823969, 46.96478207878728 ], [ 6.084642660490199, 46.96479178020477 ], [ 6.08491105915548, 46.964852266242012 ], [ 6.085058665991892, 46.964887961929499 ], [ 6.085230316287626, 46.964927519170779 ], [ 6.085397528679284, 46.964972330846741 ], [ 6.08553739124681, 46.965017603984677 ], [ 6.085698768869974, 46.965070860942532 ], [ 6.085852393983713, 46.965119729906341 ], [ 6.08600548266645, 46.965173028113846 ], [ 6.08607443394516, 46.96519578068466 ], [ 6.08619822289237, 46.965245357783971 ], [ 6.086371423556884, 46.965335059649057 ], [ 6.086445631927799, 46.965373799833415 ], [ 6.086760155098806, 46.965536576023091 ], [ 6.086829757722887, 46.96556841119903 ], [ 6.087018584971594, 46.965632104264671 ], [ 6.087110299882958, 46.965661635201947 ], [ 6.087223178381096, 46.965690689438155 ], [ 6.087370653768308, 46.965717105092338 ], [ 6.087604492129432, 46.965757696600562 ], [ 6.087703455752269, 46.965771264782603 ], [ 6.08776913639484, 46.965771307716956 ], [ 6.088001208210454, 46.965767164165833 ], [ 6.088096347144263, 46.965766778268438 ], [ 6.088295754588271, 46.965766842920004 ], [ 6.088477601100459, 46.965765936019125 ], [ 6.08878718059701, 46.965766111822724 ], [ 6.088997364345222, 46.965765886537966 ], [ 6.089631862818905, 46.965769788001602 ], [ 6.09015718446523, 46.965767962461349 ], [ 6.090226105813562, 46.965778639494502 ], [ 6.090733380877084, 46.965988228315773 ], [ 6.090760617122529, 46.965999572054955 ], [ 6.091688251464334, 46.966383230271354 ], [ 6.091840833562862, 46.966445905358228 ], [ 6.092259020259375, 46.96661651922431 ], [ 6.092417865728247, 46.966673619344355 ], [ 6.092890672334057, 46.966791226426011 ], [ 6.093212108765726, 46.966869643100004 ], [ 6.093240036634008, 46.966879255744217 ], [ 6.093322660196642, 46.966924613794085 ], [ 6.093468589092026, 46.967006657473675 ], [ 6.093992533357764, 46.96730462781241 ], [ 6.094029725315892, 46.967326606217142 ], [ 6.094190437062149, 46.967436905379941 ], [ 6.094259682974013, 46.967483072349467 ], [ 6.094260092698425, 46.967483331664916 ], [ 6.094527115215759, 46.967664121735964 ], [ 6.094752030356065, 46.967769272890997 ], [ 6.095042709495101, 46.967905726354552 ], [ 6.095855829545697, 46.968047073258163 ], [ 6.096194390712149, 46.968104838746271 ], [ 6.096422183477774, 46.968085565830087 ], [ 6.096663254863715, 46.968061430596237 ], [ 6.096753418851743, 46.968052250982858 ], [ 6.097094391946186, 46.968016601190484 ], [ 6.09731696547448, 46.967991249508529 ], [ 6.097665657905219, 46.967947911978335 ], [ 6.097690086804318, 46.968043396749806 ], [ 6.097838950376024, 46.968031828157905 ], [ 6.097933868051774, 46.968107848532114 ], [ 6.098027343541216, 46.968103624770869 ], [ 6.0982031846189, 46.968169991732523 ], [ 6.098226921526578, 46.968182238747588 ], [ 6.098357063169106, 46.96824127366515 ], [ 6.098420663999701, 46.968271551410474 ], [ 6.098476121481711, 46.968297542767637 ], [ 6.098747289516273, 46.968428654791815 ], [ 6.098888493270528, 46.968496942859353 ], [ 6.098890531721259, 46.968498059422998 ], [ 6.098935724478953, 46.968508017611391 ], [ 6.098964125554216, 46.968514372444197 ], [ 6.099717766603786, 46.968696937219249 ], [ 6.099997019248024, 46.969003262013302 ], [ 6.100063694168532, 46.969066434388544 ], [ 6.100140972389378, 46.969144639334175 ], [ 6.100426079313984, 46.969346465043344 ], [ 6.100444921139158, 46.969360555242162 ], [ 6.1007071193006, 46.969548489572794 ], [ 6.100926624879712, 46.969703512194563 ], [ 6.10108887112189, 46.969819527633511 ], [ 6.101126832760283, 46.969838780026656 ], [ 6.101202008339101, 46.969873430405542 ], [ 6.101513458269355, 46.970015797027507 ], [ 6.101596437941057, 46.970053390874497 ], [ 6.102326319498744, 46.970378672980509 ], [ 6.103177052116475, 46.970424438162667 ], [ 6.103371415994053, 46.970428036926869 ], [ 6.103679812059197, 46.970434602742721 ], [ 6.103924516182152, 46.97043918815384 ], [ 6.103999101278284, 46.97044060415692 ], [ 6.104492818228974, 46.970462902437923 ], [ 6.104618455424974, 46.970468529855495 ], [ 6.105028791449424, 46.970485231977619 ], [ 6.105282458137195, 46.970512910193335 ], [ 6.105395183218289, 46.970525191844487 ], [ 6.105745502865873, 46.970567205380803 ], [ 6.105922662180941, 46.970592077435391 ], [ 6.106134935799509, 46.970625554302046 ], [ 6.106491091006712, 46.970691195975071 ], [ 6.107013587807996, 46.970811012128188 ], [ 6.107172459126787, 46.970893231065872 ], [ 6.10757349085119, 46.971098223117409 ], [ 6.107705329427091, 46.97116585219495 ], [ 6.107956123129015, 46.971294519159002 ], [ 6.108431852965127, 46.971541646006266 ], [ 6.108481872315576, 46.971749790531021 ], [ 6.10856858129923, 46.972076244251468 ], [ 6.108579944349787, 46.972109006256005 ], [ 6.108612846903683, 46.972182094986437 ], [ 6.108635333500643, 46.972227442028547 ], [ 6.108686416532581, 46.972305356733926 ], [ 6.108720467349499, 46.972352644580951 ], [ 6.108770432682344, 46.972422570084689 ], [ 6.108777933074141, 46.97243624395302 ], [ 6.10880105154463, 46.97249256668173 ], [ 6.108814924415415, 46.972523188589157 ], [ 6.108827189035018, 46.972553313231046 ], [ 6.108834562381101, 46.972573928570412 ], [ 6.10884283341718, 46.972607855175369 ], [ 6.108853454179949, 46.972689473824168 ], [ 6.108864001216482, 46.972794972158134 ], [ 6.10887677541664, 46.972932307438505 ], [ 6.10891842298218, 46.973134460281095 ], [ 6.108933535408693, 46.973243800099979 ], [ 6.108935380570026, 46.973303309432808 ], [ 6.108930283225854, 46.973324531331286 ], [ 6.1089229387485, 46.973336442950242 ], [ 6.108908122342029, 46.973355764397276 ], [ 6.108875506352398, 46.973379169952963 ], [ 6.10881733004438, 46.973413626687822 ], [ 6.108598050640532, 46.973528565221365 ], [ 6.108474182134032, 46.973576686636619 ], [ 6.10842594132628, 46.973593935661476 ], [ 6.108343626322547, 46.973606967294216 ], [ 6.108254666998171, 46.973618916518483 ], [ 6.107972379511897, 46.973643195243525 ], [ 6.107847635178582, 46.973653225385355 ], [ 6.107623166838397, 46.973666573919509 ], [ 6.107442894126766, 46.973677018950148 ], [ 6.107049542169889, 46.973692845308946 ], [ 6.106874877613046, 46.973693226838655 ], [ 6.106849540409777, 46.973689854858904 ], [ 6.106755255064432, 46.973673293223442 ], [ 6.10669971038069, 46.973657399677535 ], [ 6.106674884524729, 46.973646895634552 ], [ 6.106610616667285, 46.973609792233788 ], [ 6.106585602744079, 46.973575415573293 ], [ 6.106581738370895, 46.973570023322395 ], [ 6.106577312037936, 46.973564015481422 ], [ 6.106573416624287, 46.973558083440196 ], [ 6.10656753303904, 46.973558782587105 ], [ 6.106550625320224, 46.973564644391438 ], [ 6.106138053885449, 46.973708663385743 ], [ 6.105882367143384, 46.973810971571751 ], [ 6.105440793968328, 46.97402532971833 ], [ 6.105386097612622, 46.974051671627521 ], [ 6.105139906685887, 46.974177239558315 ], [ 6.10510315711198, 46.974199764154335 ], [ 6.104947803736814, 46.974307117114833 ], [ 6.104820916319629, 46.974405864266323 ], [ 6.104623069634415, 46.974607618903626 ], [ 6.104427661143936, 46.974803721039379 ], [ 6.10432350111177, 46.974906270775982 ], [ 6.104283356931596, 46.974931589602711 ], [ 6.104263029702992, 46.974944391035649 ], [ 6.104139189003798, 46.975016024044443 ], [ 6.104075593027881, 46.975050173622961 ], [ 6.104063290140807, 46.975056001180313 ], [ 6.104017272946719, 46.975070755605131 ], [ 6.103933629209703, 46.975095082795271 ], [ 6.103857108256673, 46.975115073393333 ], [ 6.103813309180154, 46.975124902396686 ], [ 6.103797150169819, 46.975127770179867 ], [ 6.103719116806798, 46.975135186802554 ], [ 6.103699684335579, 46.975136070287277 ], [ 6.103574982310502, 46.975130866937796 ], [ 6.103404164047683, 46.975118074448538 ], [ 6.103297940533214, 46.975109129707342 ], [ 6.10319149859328, 46.975087215742015 ], [ 6.1031393561355, 46.975075553916568 ], [ 6.102981928375393, 46.975036900951451 ], [ 6.102871390725991, 46.975010141186225 ], [ 6.102692811866437, 46.974972237218772 ], [ 6.102568301181718, 46.974949727642027 ], [ 6.102523935247844, 46.974942812028786 ], [ 6.10238908355558, 46.974930491966603 ], [ 6.10235235212673, 46.974928146396451 ], [ 6.102264934342602, 46.974930318176504 ], [ 6.102257225895175, 46.974931336507744 ], [ 6.102217608578115, 46.974933753955455 ], [ 6.102186878111427, 46.974939626568009 ], [ 6.102133175603947, 46.974958101059066 ], [ 6.102100386898368, 46.974971687875602 ], [ 6.102075263022735, 46.974985789308228 ], [ 6.10198143238398, 46.975043637554954 ], [ 6.101791449355734, 46.9751670551085 ], [ 6.101742585678841, 46.975198734651997 ], [ 6.101661384107512, 46.975244979874937 ], [ 6.101644813395401, 46.975254436028671 ], [ 6.101576357983351, 46.975293400306469 ], [ 6.101372920361552, 46.975400329551086 ], [ 6.10128996063675, 46.975448063447409 ], [ 6.101059911058708, 46.975598236989406 ], [ 6.100981549902981, 46.97565729019118 ], [ 6.100975821973265, 46.975669878598254 ], [ 6.100978722711541, 46.975681424015747 ], [ 6.101019413306696, 46.975729796853592 ], [ 6.101333997707826, 46.976031654654925 ], [ 6.101592004434555, 46.976239973690426 ], [ 6.101607048013427, 46.976258941425336 ], [ 6.101619591883311, 46.976280228999393 ], [ 6.101632264302505, 46.976319804247083 ], [ 6.101641701714441, 46.976376406081592 ], [ 6.10170903159986, 46.976602107833472 ], [ 6.101737668008649, 46.976701893708494 ], [ 6.101742672654458, 46.97675924549943 ], [ 6.101729586195053, 46.976893582299425 ], [ 6.101721872256443, 46.977080215152533 ], [ 6.101734549531753, 46.977156552721283 ], [ 6.101735695805436, 46.977192563520362 ], [ 6.101728675246468, 46.97721473776204 ], [ 6.101698308470765, 46.977254479554503 ], [ 6.101628462616931, 46.977303662932883 ], [ 6.101600786107964, 46.977319184441221 ], [ 6.101578212438124, 46.977331865566349 ], [ 6.101534664825095, 46.977350697281288 ], [ 6.101483451449912, 46.97736441902336 ], [ 6.101446446832743, 46.977375686184622 ], [ 6.101422169472978, 46.97738850320458 ], [ 6.1014085030571, 46.977400404098297 ], [ 6.101398457989946, 46.977413469047363 ], [ 6.101397968364506, 46.977414112944743 ], [ 6.101393314339518, 46.977420184987167 ], [ 6.101388986280043, 46.977436520124961 ], [ 6.101390653078424, 46.977451792984894 ], [ 6.101394976389803, 46.977460597007259 ], [ 6.101398098336623, 46.977466820323642 ], [ 6.101415722858618, 46.977491755638503 ], [ 6.101589558960699, 46.977655574593996 ], [ 6.101683791631463, 46.977744495555456 ], [ 6.101827715640707, 46.977884880767242 ], [ 6.101843779798284, 46.977919318922289 ], [ 6.101872604844347, 46.978015495511031 ], [ 6.101937727771713, 46.978232516366312 ], [ 6.101946495221813, 46.97824534560818 ], [ 6.101964273463357, 46.978259193912116 ], [ 6.102034860728539, 46.978314601244243 ], [ 6.102061093149932, 46.978349576770576 ], [ 6.102077212617568, 46.978371218630933 ], [ 6.102097665467126, 46.978417882948165 ], [ 6.102107501283712, 46.978440144364768 ], [ 6.102141463904279, 46.978536362889798 ], [ 6.102154873809967, 46.97859105571888 ], [ 6.102153211029208, 46.978607949910192 ], [ 6.102145421687263, 46.97868321613899 ], [ 6.102143745227353, 46.978713626306003 ], [ 6.102148071809279, 46.978745406748963 ], [ 6.102157395742102, 46.978774800152159 ], [ 6.102171863371111, 46.97879747758298 ], [ 6.102180105171555, 46.978810320949812 ], [ 6.102237076589767, 46.978864742906296 ], [ 6.102427373649377, 46.979062898040027 ], [ 6.102582386579475, 46.979224338724052 ], [ 6.102611692570356, 46.979262385083281 ], [ 6.10262304123597, 46.979281181801412 ], [ 6.102634631182608, 46.979311054826248 ], [ 6.102643749421353, 46.979341444873661 ], [ 6.102628935283979, 46.979386084552587 ], [ 6.102566796264806, 46.979523633341771 ], [ 6.10252391832914, 46.979586237929112 ], [ 6.102482862206497, 46.979646180464769 ], [ 6.102470516406995, 46.979667326653079 ], [ 6.102497419330787, 46.979679577832023 ], [ 6.102658674671647, 46.979752548519713 ], [ 6.102661649288533, 46.97975391015018 ], [ 6.10273193684739, 46.979785717903624 ], [ 6.103064298473702, 46.979935808455977 ], [ 6.103622032277225, 46.980188588288229 ], [ 6.104267010126589, 46.980486321677539 ], [ 6.104307700145585, 46.980493335691413 ], [ 6.104582338453058, 46.980626234291869 ], [ 6.104825745646925, 46.980742583046599 ], [ 6.105196676438486, 46.980919831876825 ], [ 6.105384353752677, 46.981005693177288 ], [ 6.105431338235159, 46.981023710219006 ], [ 6.105507500111883, 46.981052294625826 ], [ 6.105800093848866, 46.981169929842707 ], [ 6.106006454172087, 46.981250961997034 ], [ 6.106211796625817, 46.981330309234842 ], [ 6.106410008109389, 46.981400116961453 ], [ 6.106513839721782, 46.981433631936113 ], [ 6.106611691783335, 46.981468479259199 ], [ 6.106703355214314, 46.981503313015608 ], [ 6.106917639649837, 46.981587013461194 ], [ 6.10707132053064, 46.981647117212361 ], [ 6.107278255941297, 46.981724347309147 ], [ 6.107525767521204, 46.98182030657793 ], [ 6.107698400389343, 46.981903145713893 ], [ 6.108020034155905, 46.98204936691522 ], [ 6.108231618480603, 46.982152420095879 ], [ 6.108569707490373, 46.982316847893898 ], [ 6.108765573617635, 46.982412124350574 ], [ 6.109044318190619, 46.982545082321899 ], [ 6.109342355894563, 46.982690674688961 ], [ 6.10957233834418, 46.982799897186176 ], [ 6.109780408302184, 46.982905835655814 ], [ 6.1101251761748, 46.983074043598045 ], [ 6.110308745665743, 46.983172892940082 ], [ 6.110828543565433, 46.983458469449168 ], [ 6.111047851008767, 46.983569689084916 ], [ 6.111333008158242, 46.983713191216296 ], [ 6.111619555401669, 46.983837372842629 ], [ 6.111821915919905, 46.983926342035474 ], [ 6.11199624933754, 46.983997325489007 ], [ 6.112815401882496, 46.984217688924289 ], [ 6.113302058691438, 46.984307091034445 ], [ 6.113797571555595, 46.984403910894628 ], [ 6.113799700882455, 46.984404303924727 ], [ 6.114334107610884, 46.984499710965345 ], [ 6.114258961495493, 46.984758357660859 ], [ 6.114248369383019, 46.984793874519887 ], [ 6.114221243196998, 46.984871466100799 ], [ 6.114209030343389, 46.984901710558454 ], [ 6.113953942061452, 46.985362184094775 ], [ 6.114907781406101, 46.985346697482505 ], [ 6.114971378987264, 46.985344439116417 ], [ 6.116350851438692, 46.985654344236394 ], [ 6.116434363244309, 46.985673172036492 ], [ 6.117292939812837, 46.985836664704919 ], [ 6.117952969424727, 46.985986597112991 ], [ 6.118024925326635, 46.986003663801071 ], [ 6.118938932398724, 46.986226196141082 ], [ 6.119501293354608, 46.986422101528554 ], [ 6.119607374023543, 46.986453201593022 ], [ 6.120073890548575, 46.986580874551599 ], [ 6.120188491227073, 46.986611293078589 ], [ 6.120566525739034, 46.9867913659876 ], [ 6.121441418663236, 46.987042959975867 ], [ 6.122678838795977, 46.987372314227471 ], [ 6.123342007885394, 46.987585024766901 ], [ 6.124739684678975, 46.987941373939755 ], [ 6.124802658519187, 46.98795786892871 ], [ 6.125028965860264, 46.988013999614971 ], [ 6.125020251041852, 46.988141013229139 ], [ 6.125018184894041, 46.988175849671748 ], [ 6.125014126992353, 46.988226328214374 ], [ 6.125892651169785, 46.988448867482731 ], [ 6.12609906890675, 46.988475259982096 ], [ 6.12611614325513, 46.988476779491293 ], [ 6.126141441724656, 46.988479337550316 ], [ 6.126564678470587, 46.988534362278465 ], [ 6.126709083874833, 46.988554055011463 ], [ 6.126851764630073, 46.98857352400924 ], [ 6.126897822741602, 46.988579844117339 ], [ 6.127010213118031, 46.988599233091868 ], [ 6.127099671479869, 46.988615999949623 ], [ 6.127156320567668, 46.988632394861959 ], [ 6.127270928352295, 46.988665058990989 ], [ 6.12787588373493, 46.988840577623783 ], [ 6.128431991235031, 46.988991107534417 ], [ 6.128947599010528, 46.989140300738399 ], [ 6.129555853788938, 46.989322569298999 ], [ 6.130282810229882, 46.989612532458025 ], [ 6.130539556953008, 46.989714230592746 ], [ 6.130934855513136, 46.989870825503623 ], [ 6.131020843319865, 46.989904893678911 ], [ 6.131616604761935, 46.990105331709955 ], [ 6.131710572646832, 46.990136209249592 ], [ 6.131842000551465, 46.99016588933096 ], [ 6.132000493685766, 46.990201321875247 ], [ 6.132281980039988, 46.990254949194615 ], [ 6.132682448981988, 46.990312102101932 ], [ 6.132851749940538, 46.99033633723252 ], [ 6.13299931263936, 46.990355846410623 ], [ 6.133057340479438, 46.990366434335577 ], [ 6.133135065801373, 46.990382884617567 ], [ 6.133305361888782, 46.990417454150688 ], [ 6.133700337087835, 46.990500162479485 ], [ 6.134015268970642, 46.990565041140194 ], [ 6.134147052787011, 46.990591735513746 ], [ 6.134225399594396, 46.990607537453869 ], [ 6.134795299067363, 46.990722792095873 ], [ 6.134996623835532, 46.990761021111553 ], [ 6.135445344823369, 46.99084622736062 ], [ 6.136020690442549, 46.990953128453484 ], [ 6.136434636734472, 46.991024499181044 ], [ 6.137186397476158, 46.991153268309063 ], [ 6.137576987338351, 46.991221485878832 ], [ 6.138035671114143, 46.991308033135752 ], [ 6.138368054191573, 46.991412432141686 ], [ 6.138715762527788, 46.991488210209077 ], [ 6.138952040614377, 46.991538636668736 ], [ 6.139379720520132, 46.991694322333181 ], [ 6.139962216278557, 46.991946529787505 ], [ 6.140118191868604, 46.991976974083357 ], [ 6.140408827616836, 46.992040424735436 ], [ 6.140678161231051, 46.992097606708995 ], [ 6.141302294505993, 46.992273075420734 ], [ 6.141760305454298, 46.992562814366693 ], [ 6.14275470867566, 46.992762339213655 ], [ 6.143235710343541, 46.992858620374719 ], [ 6.143451361727115, 46.992887073600912 ], [ 6.14369348178426, 46.992920031144322 ], [ 6.144008069607993, 46.993059950484636 ], [ 6.144282184235377, 46.993176463610816 ], [ 6.144584514684388, 46.993298063737434 ], [ 6.144892262418265, 46.993376985572915 ], [ 6.145032139281496, 46.993415791628394 ], [ 6.145195833217477, 46.993440702558388 ], [ 6.145248782328796, 46.993445385910448 ], [ 6.145584086327316, 46.993493188942608 ], [ 6.145588335678521, 46.993493793901862 ], [ 6.145631628569663, 46.99350000189672 ], [ 6.145686322337216, 46.993512026129899 ], [ 6.145690724136096, 46.993512987350272 ], [ 6.146097725434954, 46.993602444662649 ], [ 6.14610133311318, 46.993603337422314 ], [ 6.146232765989541, 46.993637326460345 ], [ 6.146281832055293, 46.993652207092872 ], [ 6.146549102943164, 46.993734751671802 ], [ 6.146638199420235, 46.993767642532653 ], [ 6.146648740431436, 46.993788079266082 ], [ 6.146763851991109, 46.993835758498697 ], [ 6.14709063705985, 46.993985879360814 ], [ 6.14747897959839, 46.994132427391762 ], [ 6.147710855628849, 46.994206384009232 ], [ 6.14797781602763, 46.994288032815355 ], [ 6.147986749844892, 46.994298962100558 ], [ 6.148059084536667, 46.994344743949256 ], [ 6.148519860026296, 46.99438055413659 ], [ 6.148624766848227, 46.99438868341224 ], [ 6.148853462498553, 46.994399019874265 ], [ 6.148947209654045, 46.994403218539944 ], [ 6.149429807349915, 46.994438339268505 ], [ 6.150562594537265, 46.994866492822922 ], [ 6.150659768410817, 46.99490006111786 ], [ 6.150896381726864, 46.99491288050497 ], [ 6.150992559662549, 46.994918092405854 ], [ 6.151837550240755, 46.994966099754272 ], [ 6.151999843838227, 46.994975901717041 ], [ 6.152142656081786, 46.994992633346406 ], [ 6.152189863976135, 46.994998191309094 ], [ 6.152345166512737, 46.995025844589563 ], [ 6.152598676727555, 46.995070907162599 ], [ 6.152718926428927, 46.995089155812309 ], [ 6.152735440734851, 46.99509230867011 ], [ 6.153001594739261, 46.995144143151862 ], [ 6.153013186326723, 46.99514643936768 ], [ 6.153024393964511, 46.995148926289403 ], [ 6.153029863671614, 46.995150128362894 ], [ 6.153170093349661, 46.995181256172735 ], [ 6.153240378912378, 46.995200870113486 ], [ 6.153491606349259, 46.995274466635223 ], [ 6.153939318435054, 46.995408828084145 ], [ 6.154092528868931, 46.99545473766748 ], [ 6.15412764565836, 46.995465220875921 ], [ 6.154204174749347, 46.995487997440982 ], [ 6.15434237113611, 46.995506834952813 ], [ 6.154359096083675, 46.995509080764307 ], [ 6.155218539315594, 46.995626140159729 ], [ 6.155337518388586, 46.995642889090668 ], [ 6.15538818257351, 46.995651234613405 ], [ 6.155435233604677, 46.995656345033417 ], [ 6.155830060508898, 46.995714925206464 ], [ 6.156431033200057, 46.995803455081834 ], [ 6.156506075389569, 46.995812034093554 ], [ 6.156761380998256, 46.995847126912359 ], [ 6.156813744407756, 46.995857497755999 ], [ 6.156815606264993, 46.995857807225633 ], [ 6.156915399746054, 46.995877512480867 ], [ 6.157175029407246, 46.995939247554851 ], [ 6.15746031046768, 46.99602073398075 ], [ 6.157512116723847, 46.996035084433124 ], [ 6.157738465674663, 46.996097458962602 ], [ 6.157867345232288, 46.996128080956424 ], [ 6.158051281778786, 46.996170080634982 ], [ 6.158848900103515, 46.996375848619067 ], [ 6.158814688185187, 46.996412377421279 ], [ 6.158763373258379, 46.996478478838398 ], [ 6.158663729869716, 46.996747290763537 ], [ 6.159018933463988, 46.996839743949124 ], [ 6.159660405044242, 46.99699211487053 ], [ 6.160261970324677, 46.99714440425111 ], [ 6.160270664604489, 46.997146689027552 ], [ 6.160287837285276, 46.99714757014042 ], [ 6.160889833664153, 46.997181174680335 ], [ 6.160946390525041, 46.997184400508807 ], [ 6.16110798758695, 46.997193398015241 ], [ 6.161238298075968, 46.997365353771116 ], [ 6.161158866888763, 46.997558555694631 ], [ 6.161151632331875, 46.997592453667096 ], [ 6.161150375718669, 46.997597984581084 ], [ 6.161113147773946, 46.99759648180779 ], [ 6.160707637910803, 46.997580742040171 ], [ 6.160627338540706, 46.997576905139724 ], [ 6.16054771243471, 46.997573320055366 ], [ 6.160325633436327, 46.997561563584995 ], [ 6.159705519123589, 46.997531245573853 ], [ 6.159542022618855, 46.997523559595535 ], [ 6.159456185003983, 46.997519603260969 ], [ 6.159395572717214, 46.997516848194458 ], [ 6.15916564675541, 46.99750377262253 ], [ 6.159004790664643, 46.997493941133996 ], [ 6.158991583675614, 46.997493311649357 ], [ 6.158884307778676, 46.997487599232322 ], [ 6.158786636004169, 46.997481713824826 ], [ 6.158684046459844, 46.997475061937678 ], [ 6.158559513603088, 46.997464775825996 ], [ 6.158237938626526, 46.997442944646934 ], [ 6.15766639260732, 46.997303969693874 ], [ 6.157570625012477, 46.997278838559396 ], [ 6.157294557285766, 46.997201875693648 ], [ 6.15715629226955, 46.997159435682349 ], [ 6.156951498669497, 46.99710088519597 ], [ 6.156930339266778, 46.997094886548524 ], [ 6.156926405097274, 46.997101932381192 ], [ 6.156891381476891, 46.997165154148583 ], [ 6.156851850340927, 46.997315721867508 ], [ 6.157082511674774, 46.997406723582351 ], [ 6.157124588847585, 46.997423593161891 ], [ 6.157486974216262, 46.997560006480946 ], [ 6.157756232920154, 46.997644363813656 ], [ 6.158036711341647, 46.997729134223164 ], [ 6.15805867585032, 46.997735380953159 ], [ 6.158458997522017, 46.997840296880184 ], [ 6.15863321468979, 46.997866883449369 ], [ 6.158856110777436, 46.997903850524523 ], [ 6.158892818339773, 46.997909963690027 ], [ 6.158939224736279, 46.997915270605915 ], [ 6.158994788300789, 46.997921768428043 ], [ 6.159084561037028, 46.997932195097867 ], [ 6.159597792839357, 46.997974725116805 ], [ 6.159926824850272, 46.998002385441069 ], [ 6.160146759855945, 46.998017985917343 ], [ 6.160751181086314, 46.998065851883304 ], [ 6.160598689295902, 46.998554440760202 ], [ 6.160610894225917, 46.998587445625851 ], [ 6.16060465800135, 46.998613657164974 ], [ 6.160568144819526, 46.998689625885035 ], [ 6.160526236880282, 46.998716184027465 ], [ 6.160478436324938, 46.998718574945435 ], [ 6.160459133063441, 46.998719554343133 ], [ 6.160450959383532, 46.998719417858602 ], [ 6.160430393690124, 46.998719080247326 ], [ 6.160228842821203, 46.998686847594975 ], [ 6.15981795723223, 46.998619891287447 ], [ 6.159689139542549, 46.998599451596895 ], [ 6.159659889821855, 46.998594756303916 ], [ 6.159523366663597, 46.998573175899395 ], [ 6.159415846093265, 46.998556567784057 ], [ 6.159390641240566, 46.998553473655583 ], [ 6.159027049690076, 46.998527208685459 ], [ 6.158509589724549, 46.998491279410644 ], [ 6.15843294992226, 46.998486980325218 ], [ 6.158339531602165, 46.998484041637425 ], [ 6.158308651705259, 46.998485247532095 ], [ 6.158284430671634, 46.998487712802294 ], [ 6.158280638472916, 46.998490429703608 ], [ 6.158269482824636, 46.998500106159881 ], [ 6.158262761114673, 46.998509030477017 ], [ 6.158241454151173, 46.998518534330259 ], [ 6.158248587865202, 46.998575195921731 ], [ 6.15823933324358, 46.998671412215423 ], [ 6.158236415075372, 46.998709336639529 ], [ 6.158230457166891, 46.998762842521543 ], [ 6.158207630515705, 46.99879140034114 ], [ 6.158176918711805, 46.998790979685189 ], [ 6.157730689559229, 46.998741202704217 ], [ 6.157447966418664, 46.998717224323975 ], [ 6.157433133873478, 46.998715828193767 ], [ 6.157366371647597, 46.998709275698253 ], [ 6.15729835238438, 46.998706001385266 ], [ 6.157290878526445, 46.998735850813425 ], [ 6.156996013237914, 46.999436745640523 ], [ 6.156992899442055, 46.999444309649959 ], [ 6.157001646555176, 46.99944749429087 ], [ 6.157038770512758, 46.999460715039966 ], [ 6.157504136133451, 46.999598905619891 ], [ 6.157503152585789, 46.999602356567721 ], [ 6.157503157846781, 46.999602446529693 ], [ 6.15750237939179, 46.999602648049184 ], [ 6.157315976366413, 47.000250655958055 ], [ 6.157934116656905, 47.000287258949569 ], [ 6.157934448008971, 47.000286168607261 ], [ 6.157955806963178, 47.000212237649301 ], [ 6.158021035276804, 46.999985367274881 ], [ 6.158081902926827, 46.999771771685708 ], [ 6.158082076466347, 46.999770235133042 ], [ 6.158082991627256, 46.999767867323541 ], [ 6.158084138315048, 46.99976945783888 ], [ 6.158085400713501, 46.999770774868445 ], [ 6.158101753748803, 46.999775643430112 ], [ 6.158229927155834, 46.999814303993816 ], [ 6.158721966670149, 46.999958066960687 ], [ 6.158879149508524, 47.000004042026632 ], [ 6.158884782914527, 47.00000577999122 ], [ 6.159383695685055, 47.000156650599422 ], [ 6.159405687549575, 47.000161094229618 ], [ 6.159417548744763, 47.000163472557482 ], [ 6.159414666763901, 47.000172742304294 ], [ 6.159298339995772, 47.000543650867705 ], [ 6.159293496440235, 47.000562165143926 ], [ 6.159270119835393, 47.000646603941135 ], [ 6.159163136871781, 47.000990404777582 ], [ 6.159100431219778, 47.001206303915332 ], [ 6.15909148030812, 47.00124466386518 ], [ 6.159030709922044, 47.001464384492259 ], [ 6.159026986441198, 47.001479534153859 ], [ 6.158879983505921, 47.002145658166945 ], [ 6.158840786796415, 47.002326673029437 ], [ 6.158828574094236, 47.002361067481132 ], [ 6.158833602781079, 47.00236147042272 ], [ 6.159041672591165, 47.002376587395737 ], [ 6.159045638730869, 47.002376839212545 ], [ 6.159280287202519, 47.002373477062392 ], [ 6.1592864678336, 47.002373307801868 ], [ 6.159342135520845, 47.002370251490362 ], [ 6.159587850657603, 47.002355682816543 ], [ 6.159632588377175, 47.002363918646026 ], [ 6.159862641077933, 47.002390055733862 ], [ 6.159867322653632, 47.002391279092173 ], [ 6.159998639068824, 47.002438501949918 ], [ 6.160001821066979, 47.002432107369621 ], [ 6.16076275307069, 47.000882342045436 ], [ 6.161503956668393, 47.001182718860811 ], [ 6.161520547295714, 47.001189382566665 ], [ 6.161511517129871, 47.001203866807565 ], [ 6.160618048711925, 47.002640310944756 ], [ 6.160629452955892, 47.002643873059874 ], [ 6.161069885112618, 47.002780750893344 ], [ 6.161083314643721, 47.002785158530649 ], [ 6.161158600303884, 47.002813461334405 ], [ 6.161451553417423, 47.002924013111382 ], [ 6.161509880122355, 47.002946112592404 ], [ 6.161603146213203, 47.002982302230933 ], [ 6.161713430175054, 47.003030189717308 ], [ 6.161881703107646, 47.003083155614632 ], [ 6.162012511887602, 47.003121649889863 ], [ 6.162009934920653, 47.003127126885651 ], [ 6.161800698351358, 47.003562216966287 ], [ 6.161800882191753, 47.003673312676895 ], [ 6.16180088787608, 47.003677907929124 ], [ 6.161819078033149, 47.003680382892831 ], [ 6.162077459454548, 47.003715560889937 ], [ 6.162323158448967, 47.003747842141848 ], [ 6.162592813148168, 47.003782079244253 ], [ 6.162675473913219, 47.003792337927692 ], [ 6.16269108121381, 47.003793441866094 ], [ 6.162709728963722, 47.003794732767858 ], [ 6.162706678711898, 47.003801123814796 ], [ 6.162613998286465, 47.003997572838308 ], [ 6.162578306152354, 47.004085323426509 ], [ 6.162478415626286, 47.004257641314538 ], [ 6.162527344031173, 47.004528510442938 ], [ 6.162551393411597, 47.004669227570602 ], [ 6.162604057179665, 47.004839706230584 ], [ 6.162648194438797, 47.004963563466887 ], [ 6.162705075917521, 47.005118338114173 ], [ 6.162715099677255, 47.005143293014228 ], [ 6.16272714952863, 47.005175851383314 ], [ 6.162291673917995, 47.00538935587597 ], [ 6.16202364115652, 47.005508884359138 ], [ 6.161946697983226, 47.005962874697815 ], [ 6.16195256296638, 47.006290159070666 ], [ 6.161954637689496, 47.006312088065904 ], [ 6.16203484694963, 47.007099037776243 ], [ 6.161071579486895, 47.007061458893276 ], [ 6.160180759215702, 47.00689555919859 ], [ 6.159403215908574, 47.008298266588291 ], [ 6.159389465590016, 47.008322160733286 ], [ 6.159877089203495, 47.008398101726755 ], [ 6.160009149412233, 47.008410523663976 ], [ 6.160545552230221, 47.008489360838198 ], [ 6.160959948718704, 47.008551985260056 ], [ 6.161715366816326, 47.008607426072061 ], [ 6.162356210754917, 47.008640862856836 ], [ 6.162629332147822, 47.008691134432681 ], [ 6.162830797540551, 47.008741477488442 ], [ 6.163314337047463, 47.008862208701714 ], [ 6.163525026382065, 47.008917073298825 ], [ 6.16352938034632, 47.008901455690967 ], [ 6.163536831916375, 47.008878004035822 ], [ 6.163599026021588, 47.008680498427786 ], [ 6.163847639130022, 47.007842813807734 ], [ 6.164031624795768, 47.007525280634241 ], [ 6.164092414470357, 47.007431975675019 ], [ 6.164210848008399, 47.007250137425842 ], [ 6.164288707818192, 47.007119961327192 ], [ 6.164294109191167, 47.007110982792419 ], [ 6.164295702866195, 47.007108956750024 ], [ 6.164322958475746, 47.007075050187353 ], [ 6.16443185356979, 47.006896807182919 ], [ 6.164437522878917, 47.006885658744991 ], [ 6.164473063791336, 47.006815572566985 ], [ 6.164523608744316, 47.006716060675103 ], [ 6.164539668949192, 47.006677685502389 ], [ 6.16478924813862, 47.006166966226353 ], [ 6.16478971090003, 47.006165872258876 ], [ 6.164796260446662, 47.006167494717147 ], [ 6.164823236825565, 47.006171530334591 ], [ 6.165375385467596, 47.006254057651773 ], [ 6.165397248576753, 47.00592601211207 ], [ 6.165994080033087, 47.006020285756108 ], [ 6.166007242089851, 47.006022357428783 ], [ 6.165796183939663, 47.007081940404156 ], [ 6.165955881864034, 47.007190551312767 ], [ 6.166207641260547, 47.007361782327081 ], [ 6.166069761051871, 47.007670124806602 ], [ 6.165838842392441, 47.008186732241995 ], [ 6.165821077939142, 47.008728396829682 ], [ 6.165816314939701, 47.008874048831132 ], [ 6.165871740615354, 47.008864508553835 ], [ 6.165879305358049, 47.008863219708282 ], [ 6.166071942752614, 47.00882810855547 ], [ 6.166235747377548, 47.008802258297862 ], [ 6.166295918104709, 47.008792767807918 ], [ 6.166369189225658, 47.008730385905473 ], [ 6.166932345716653, 47.008757549549124 ], [ 6.16711092437732, 47.00877247100594 ], [ 6.168001009814224, 47.008998980180962 ], [ 6.168119394978863, 47.009009515761463 ], [ 6.168678973246331, 47.008991355715743 ], [ 6.169127167838844, 47.009147003730661 ], [ 6.169200034718651, 47.009192217890948 ], [ 6.169243191198198, 47.009225002498169 ], [ 6.169243759525302, 47.00922570773681 ], [ 6.16953372548078, 47.009524554138828 ], [ 6.169628118217494, 47.009626754588609 ], [ 6.169912284791257, 47.009943420256683 ], [ 6.170133636215422, 47.010181886966144 ], [ 6.170140558721953, 47.010221253400232 ], [ 6.170141770495261, 47.010228428604201 ], [ 6.170792227574506, 47.010274800702142 ], [ 6.171173270125538, 47.010320825116949 ], [ 6.171430111757396, 47.010358278120719 ], [ 6.171738348800409, 47.010400535071021 ], [ 6.172012447594233, 47.010440215595892 ], [ 6.172293191077565, 47.01046070035548 ], [ 6.172961814041604, 47.01050899376429 ], [ 6.173308753432766, 47.010537297040671 ], [ 6.173467601592982, 47.010554823960568 ], [ 6.173721996025539, 47.010597655522247 ], [ 6.173859504481635, 47.010626401447077 ], [ 6.173977151834943, 47.010651188250094 ], [ 6.174138475673594, 47.010692884779964 ], [ 6.174283405646501, 47.01073133774856 ], [ 6.174294252671306, 47.010711936772331 ], [ 6.174295919409029, 47.010708917406319 ], [ 6.174479222736069, 47.010779383469156 ], [ 6.174605566856461, 47.010835557724441 ], [ 6.1747023111487, 47.010885698203417 ], [ 6.174725553530704, 47.010900106458656 ], [ 6.174692235261827, 47.010898049701481 ], [ 6.17467293245134, 47.010896868793402 ], [ 6.174754553363409, 47.010936252151069 ], [ 6.174787092310742, 47.010951936404304 ], [ 6.174810446603872, 47.010970486459676 ], [ 6.174848730233567, 47.011000970292379 ], [ 6.174873879022062, 47.011020912660804 ], [ 6.174955989331347, 47.011091008708505 ], [ 6.17497024219881, 47.011109358646408 ], [ 6.175052847773617, 47.0111341174686 ], [ 6.175149845417983, 47.011168391890052 ], [ 6.175374530660906, 47.011243574727843 ], [ 6.175543327115067, 47.011298039041712 ], [ 6.175841815108242, 47.011434174182078 ], [ 6.175982233136399, 47.011498880159948 ], [ 6.176419922506929, 47.011730479487916 ], [ 6.176612999132693, 47.011807971881908 ], [ 6.176785231329769, 47.011869278062527 ], [ 6.176983864790162, 47.011947157505844 ], [ 6.177073894070308, 47.011995048112041 ], [ 6.177217731755679, 47.012079752245526 ], [ 6.177286545403866, 47.012118585495941 ], [ 6.17741606135862, 47.012226300503315 ], [ 6.177451134467965, 47.012233534351189 ], [ 6.177780103005973, 47.012419555301861 ], [ 6.17805663884404, 47.012571968106485 ], [ 6.178275634460676, 47.012695779560403 ], [ 6.178403854978538, 47.012765774576756 ], [ 6.178479111681848, 47.012808844893982 ], [ 6.178736346746694, 47.012944397268647 ], [ 6.17877298221434, 47.012962490581714 ], [ 6.178940673551007, 47.013071855474962 ], [ 6.179003502338408, 47.013123107136039 ], [ 6.179174294387506, 47.013412599390676 ], [ 6.179085262598425, 47.013484614659468 ], [ 6.179062841295935, 47.013502082326077 ], [ 6.179084661274653, 47.013519142033545 ], [ 6.179062492418404, 47.013536422531089 ], [ 6.179055455305681, 47.013542203019362 ], [ 6.178638267035188, 47.013878440280649 ], [ 6.178492664878959, 47.013989858135147 ], [ 6.178435805464089, 47.01402656592257 ], [ 6.178369362775264, 47.014057140091801 ], [ 6.178105624136645, 47.014131173425255 ], [ 6.178059330835859, 47.014145964438072 ], [ 6.178031655668634, 47.014170424680351 ], [ 6.177975041149451, 47.014282905022618 ], [ 6.177950715037642, 47.014328448022987 ], [ 6.177877769214162, 47.014414165936266 ], [ 6.17784951295325, 47.01444666160539 ], [ 6.177816445641575, 47.01447352295034 ], [ 6.17775141176429, 47.014516853052172 ], [ 6.177459300254979, 47.014643837812649 ], [ 6.17716931665869, 47.014766708411244 ], [ 6.176963845349701, 47.01491977984324 ], [ 6.176891033962861, 47.014963053235519 ], [ 6.176810337770007, 47.014997713229533 ], [ 6.176713452393513, 47.015032638645714 ], [ 6.176586906888958, 47.015062793904548 ], [ 6.176519666566874, 47.015091046127282 ], [ 6.176013192968815, 47.015314214480128 ], [ 6.17567242538835, 47.015559311458624 ], [ 6.17560494089201, 47.01561478194332 ], [ 6.17553607523588, 47.015678129642616 ], [ 6.175452597124865, 47.015752872386415 ], [ 6.17536661266369, 47.015807410113233 ], [ 6.17519802001939, 47.015913418945743 ], [ 6.175106921062715, 47.015968367514944 ], [ 6.174986548573771, 47.016011686799111 ], [ 6.174899626632343, 47.016034622640454 ], [ 6.174700524051961, 47.01606992576486 ], [ 6.174554813182742, 47.016101326820177 ], [ 6.174451594801383, 47.016136154139538 ], [ 6.174375202748343, 47.016165647969444 ], [ 6.174312905336618, 47.016192861787921 ], [ 6.174268815773644, 47.016213807902069 ], [ 6.174230475774932, 47.016247390924747 ], [ 6.174208366793284, 47.016279175858685 ], [ 6.174187776352523, 47.016321101020459 ], [ 6.174181599747027, 47.016354970657019 ], [ 6.174186305755968, 47.016394668161468 ], [ 6.174203732794903, 47.016446810823453 ], [ 6.174237407391369, 47.016515356410537 ], [ 6.174305720835163, 47.01663971605371 ], [ 6.174417174847889, 47.016767304097904 ], [ 6.174472363781224, 47.016834266603652 ], [ 6.174532942800431, 47.016907748663264 ], [ 6.174560971318384, 47.01694076742168 ], [ 6.174589297962147, 47.01693629377781 ], [ 6.174676485670086, 47.01699624864996 ], [ 6.174928628374315, 47.017166009869221 ], [ 6.174991739327717, 47.01720860570807 ], [ 6.175202748278476, 47.017577191236015 ], [ 6.17525474638845, 47.017616758792485 ], [ 6.175381947019244, 47.017651373572846 ], [ 6.17551692360296, 47.017744253194877 ], [ 6.175678637757337, 47.017769808329909 ], [ 6.17568462053723, 47.017770724959256 ], [ 6.175696059940862, 47.01777257269687 ], [ 6.175767512184434, 47.017771056834853 ], [ 6.175922760964165, 47.017769577470062 ], [ 6.176143868498609, 47.017765564370833 ], [ 6.176208600827672, 47.017761800324003 ], [ 6.176399614351372, 47.017750145061385 ], [ 6.176414972658994, 47.017749181666865 ], [ 6.176657332315937, 47.017732418234473 ], [ 6.176853088844815, 47.017727479728521 ], [ 6.177114104554859, 47.017721014484934 ], [ 6.177135413867677, 47.017720427786351 ], [ 6.17723154766505, 47.017717420508454 ], [ 6.177406489160774, 47.01771251353054 ], [ 6.177482180574418, 47.017706915199177 ], [ 6.177932848703233, 47.017654497669426 ], [ 6.178229705905225, 47.017621272400568 ], [ 6.178249088868554, 47.017619296848601 ], [ 6.178537802700421, 47.017590980596317 ], [ 6.178804150308528, 47.017565442295201 ], [ 6.179012189319785, 47.017554304840672 ], [ 6.179084166406244, 47.017550519795954 ], [ 6.179289264092165, 47.017552077772102 ], [ 6.179308116477428, 47.017552279213156 ], [ 6.179587750651176, 47.017555477405558 ], [ 6.179633321232298, 47.017555212917998 ], [ 6.180342150965712, 47.017526218214911 ], [ 6.18035363994924, 47.017508781339991 ], [ 6.180360202330919, 47.017499409614985 ], [ 6.180375151736519, 47.017478092893356 ], [ 6.180382013309913, 47.017467091004093 ], [ 6.18040920710126, 47.017423270613932 ], [ 6.180523639287017, 47.017238912507388 ], [ 6.180701229313366, 47.01699280245834 ], [ 6.180706466596569, 47.016985539683439 ], [ 6.180700120019325, 47.016982921318011 ], [ 6.180557628171501, 47.016925846752777 ], [ 6.18049789231886, 47.01689811849613 ], [ 6.180381418652758, 47.016839876069703 ], [ 6.180374771929793, 47.016836635213991 ], [ 6.180378465942541, 47.016825540408959 ], [ 6.180489615627794, 47.016489353146845 ], [ 6.180590730186395, 47.016463588985602 ], [ 6.180730013173235, 47.016441638400735 ], [ 6.180736279170507, 47.01644065472307 ], [ 6.180719220856554, 47.016368048526218 ], [ 6.180698107517083, 47.016286993979186 ], [ 6.180697786132794, 47.01628601166599 ], [ 6.180633454193392, 47.016023772753464 ], [ 6.180629953124838, 47.016006839119839 ], [ 6.180603854028862, 47.015906008433966 ], [ 6.180750625896319, 47.015796538110138 ], [ 6.180838331039209, 47.01573104589756 ], [ 6.181045035562907, 47.01557667190437 ], [ 6.1810724278354, 47.015556363634509 ], [ 6.18164427277403, 47.01513052249296 ], [ 6.18164502484912, 47.015129871009663 ], [ 6.181654612997296, 47.01512266842532 ], [ 6.182212972376665, 47.014255943681896 ], [ 6.182239580726213, 47.014215653034768 ], [ 6.182281866538791, 47.014139608195386 ], [ 6.18228357006153, 47.014137218440233 ], [ 6.182727733371005, 47.013494671564558 ], [ 6.182794987911302, 47.013397483536181 ], [ 6.183286528296754, 47.012888336750969 ], [ 6.183932309676043, 47.012222560854859 ], [ 6.184057604262051, 47.012090971468083 ], [ 6.184295044197262, 47.011848339040071 ], [ 6.18431936957776, 47.011814057862338 ], [ 6.184322808137201, 47.011809818050565 ], [ 6.184361376535972, 47.011809294273846 ], [ 6.185142987302146, 47.011798262955544 ], [ 6.185150120246434, 47.011776260185904 ], [ 6.185177181028869, 47.011692344516774 ], [ 6.185191449222804, 47.011652844249788 ], [ 6.185239755241416, 47.011531578458907 ], [ 6.185588912499612, 47.01061276027734 ], [ 6.185602567374442, 47.010578503064963 ], [ 6.185775073689736, 47.01012870187671 ], [ 6.185804925235081, 47.010042996876422 ], [ 6.185867989603342, 47.009861582258701 ], [ 6.185875955720022, 47.009824688759991 ], [ 6.185872534433536, 47.009782342849583 ], [ 6.185821713033544, 47.00959307980397 ], [ 6.185794903483652, 47.009562913380584 ], [ 6.185757229089463, 47.009520522079683 ], [ 6.185517807924323, 47.009398910441675 ], [ 6.185425977893526, 47.009354049539319 ], [ 6.185122273190326, 47.009306117240051 ], [ 6.184882886556323, 47.00925649883181 ], [ 6.184427386068212, 47.009163196031651 ], [ 6.18421708012148, 47.009119711867527 ], [ 6.184110494040991, 47.00910382109074 ], [ 6.183883789430399, 47.009068177660069 ], [ 6.183850574676462, 47.009061164830726 ], [ 6.183360418284552, 47.008954216933553 ], [ 6.183175260301149, 47.008910487584536 ], [ 6.183205768570455, 47.008880541351786 ], [ 6.18328622475939, 47.008801820813218 ], [ 6.183301284214058, 47.008786898105953 ], [ 6.18331285747148, 47.008775405538003 ], [ 6.183382828283966, 47.008706525550615 ], [ 6.183490652541782, 47.008600468188391 ], [ 6.183601336780483, 47.008491538479433 ], [ 6.183692246053811, 47.008404689877331 ], [ 6.184219239599542, 47.007901226399873 ], [ 6.184530476822865, 47.007605825630634 ], [ 6.185104954385002, 47.00706572492404 ], [ 6.185151492658107, 47.007021729395845 ], [ 6.185203288978143, 47.006973083330344 ], [ 6.185417490564236, 47.006966628774897 ], [ 6.185492573423485, 47.006964375496153 ], [ 6.185529654558039, 47.006963261547618 ], [ 6.185558897524035, 47.006695376855454 ], [ 6.18564519861659, 47.006521610322835 ], [ 6.185663836817631, 47.006482529860435 ], [ 6.185715697583488, 47.00637918676604 ], [ 6.186001871794277, 47.00617944634115 ], [ 6.18603883809948, 47.006151843903289 ], [ 6.1860904686819, 47.006062473555808 ], [ 6.186099067531995, 47.006029617321651 ], [ 6.186122152163455, 47.005916345942914 ], [ 6.186149474896051, 47.005703028739077 ], [ 6.186160642606455, 47.005615496646705 ], [ 6.186174741059502, 47.005490579269036 ], [ 6.18617859075797, 47.005459836534349 ], [ 6.186018434720336, 47.005435605461884 ], [ 6.185982282172736, 47.005430116135443 ], [ 6.185915799418683, 47.005417354736736 ], [ 6.185714333123957, 47.005362726550572 ], [ 6.185604132201104, 47.005312245916976 ], [ 6.18557678722726, 47.00529975523591 ], [ 6.185564185215555, 47.005273701830127 ], [ 6.185544887954721, 47.00523017230428 ], [ 6.185459762055349, 47.005037621152326 ], [ 6.185317313801969, 47.004983074765363 ], [ 6.185183357791507, 47.004931807923008 ], [ 6.18503811300461, 47.004930321371994 ], [ 6.184812077633171, 47.004986120371157 ], [ 6.184778001808218, 47.004997964010578 ], [ 6.184576996429729, 47.004944402467643 ], [ 6.184444645593728, 47.004913634886243 ], [ 6.184069908881119, 47.004853514311094 ], [ 6.184043447140534, 47.004849288750776 ], [ 6.183833644137523, 47.00480957491326 ], [ 6.183375435248754, 47.004723281896496 ], [ 6.183104513106455, 47.004672367934454 ], [ 6.182750358346211, 47.004623929824255 ], [ 6.182700818429626, 47.004617006684803 ], [ 6.182707954564291, 47.004590588686398 ], [ 6.182709792417388, 47.004583779961223 ], [ 6.182604865904555, 47.004564598395397 ], [ 6.182510592566116, 47.004547375531558 ], [ 6.182448537350548, 47.004538184431773 ], [ 6.182421450212801, 47.004545689663729 ], [ 6.18241574877294, 47.004547288650834 ], [ 6.182365340436358, 47.004561384247005 ], [ 6.182327585316239, 47.004557740146524 ], [ 6.182255917416645, 47.004555301804785 ], [ 6.181714478565482, 47.004536265188406 ], [ 6.18120456739506, 47.004533657204888 ], [ 6.180537750151131, 47.004456799618431 ], [ 6.180289770627095, 47.004426331655104 ], [ 6.180108658768898, 47.004404021819646 ], [ 6.179903006444428, 47.004378783854378 ], [ 6.179801986095265, 47.004338677428855 ], [ 6.179781214881508, 47.004330419466299 ], [ 6.179788800868254, 47.004307143024832 ], [ 6.179800801234769, 47.0042738331572 ], [ 6.179843864084026, 47.004155146886887 ], [ 6.179737345976659, 47.004124563062341 ], [ 6.179206119980657, 47.003972415868375 ], [ 6.179165253306461, 47.003960656775959 ], [ 6.178695662017754, 47.003723279789526 ], [ 6.178654890071576, 47.003710887166001 ], [ 6.178182773195619, 47.0035670185299 ], [ 6.17818223658626, 47.003566853099372 ], [ 6.178062889652447, 47.0035465329495 ], [ 6.177716685645132, 47.003487498398798 ], [ 6.177686700712238, 47.003524096719161 ], [ 6.177265884644354, 47.003488651492894 ], [ 6.176904116207816, 47.003456084046505 ], [ 6.176644274537242, 47.003420889106991 ], [ 6.17619618818219, 47.003362943394784 ], [ 6.175817787177014, 47.003311817996192 ], [ 6.175597795703828, 47.003344995961193 ], [ 6.175262849992388, 47.003309342305421 ], [ 6.174712996054103, 47.003153632873563 ], [ 6.174072504781203, 47.003138728362075 ], [ 6.174154950677956, 47.002934711219346 ], [ 6.174263139522161, 47.00266673080084 ], [ 6.174277242409229, 47.00263552628109 ], [ 6.174358826732988, 47.002148057086309 ], [ 6.174470260157729, 47.002174996285454 ], [ 6.174612933518825, 47.00183497227993 ], [ 6.174679609544107, 47.001674189213517 ], [ 6.174732677856161, 47.001546309093143 ], [ 6.174743776790092, 47.001531226150547 ], [ 6.174823808192089, 47.001420625279259 ], [ 6.175098505587687, 47.001041194573986 ], [ 6.17540536110914, 47.001127991229055 ], [ 6.175861806708673, 47.001258966180792 ], [ 6.176110245329352, 47.001429636701864 ], [ 6.176163126274328, 47.00146431357571 ], [ 6.176988327327661, 47.001681815418934 ], [ 6.177112887169711, 47.001714698059054 ], [ 6.177785528112947, 47.001893414936319 ], [ 6.177867288643532, 47.001915221218532 ], [ 6.177962158689211, 47.001940450791864 ], [ 6.17824673751694, 47.00200217335945 ], [ 6.178250839621099, 47.002000258207978 ], [ 6.178727857192388, 47.001771219126859 ], [ 6.178868140705543, 47.001520821146599 ], [ 6.178912206351498, 47.001423643027877 ], [ 6.178917619693092, 47.001412681028398 ], [ 6.178928693477313, 47.001390479898433 ], [ 6.178953432073409, 47.001340870140574 ], [ 6.17896632470156, 47.001316005784041 ], [ 6.17898727994738, 47.001275961497839 ], [ 6.17899133244821, 47.001268731377316 ], [ 6.179105977429963, 47.00105940742079 ], [ 6.179112515911548, 47.001047423225764 ], [ 6.179135562171917, 47.000989209788905 ], [ 6.17879687621376, 47.00066388597785 ], [ 6.178687421360658, 47.000558683657651 ], [ 6.178388763049282, 47.000311369636243 ], [ 6.178334921390536, 47.000242479609739 ], [ 6.178279485730144, 47.000119659446021 ], [ 6.178264073039013, 47.000063677171561 ], [ 6.178243448447414, 46.999876642840924 ], [ 6.178243122083096, 46.999730138003649 ], [ 6.178255187378304, 46.99963528343703 ], [ 6.178309690034677, 46.999529708296521 ], [ 6.178501681158939, 46.999363487381281 ], [ 6.178536280643929, 46.99933820515114 ], [ 6.178585408751949, 46.999302430601396 ], [ 6.178492916139185, 46.999279478911177 ], [ 6.178430165118384, 46.999262826118027 ], [ 6.177824093118519, 46.999102463799247 ], [ 6.177748405928423, 46.999065172104999 ], [ 6.177413099272965, 46.998899871456885 ], [ 6.177293269241575, 46.998839826941101 ], [ 6.176898295305778, 46.998665445594213 ], [ 6.176729456213217, 46.998591702392083 ], [ 6.176647243512685, 46.998555400677837 ], [ 6.176547586795309, 46.998511379547971 ], [ 6.176437508970881, 46.998462599313108 ], [ 6.176370561954887, 46.998430562602628 ], [ 6.176365605952013, 46.998397810066926 ], [ 6.176252200844012, 46.998397688879699 ], [ 6.176222830504256, 46.998397686625069 ], [ 6.176195359786501, 46.998356092798574 ], [ 6.176171517869697, 46.998342602494922 ], [ 6.176060762905469, 46.998295732805332 ], [ 6.176024290609095, 46.998336203802737 ], [ 6.176006423903194, 46.998352644637073 ], [ 6.175926715974771, 46.998332042164066 ], [ 6.175480588481459, 46.998217093317407 ], [ 6.175373701433115, 46.998188948838354 ], [ 6.175346274808928, 46.998181684312691 ], [ 6.175298362637307, 46.998162008302003 ], [ 6.175138458894041, 46.99809008935847 ], [ 6.17449771986571, 46.997810101480887 ], [ 6.174183373759164, 46.997673950270816 ], [ 6.173655127469848, 46.99744564728816 ], [ 6.173424745853294, 46.997346470515389 ], [ 6.173080699679605, 46.997195635145744 ], [ 6.172675641916743, 46.997019534999737 ], [ 6.172427495139758, 46.996913816621365 ], [ 6.172405389109229, 46.996932085508298 ], [ 6.172337819465174, 46.996988007841004 ], [ 6.172269929085394, 46.996971222832713 ], [ 6.171743408065874, 46.99684153084376 ], [ 6.171527359095195, 46.996759797454516 ], [ 6.171228480093822, 46.996646821206532 ], [ 6.171002670287989, 46.996562561913478 ], [ 6.169686723665755, 46.996071246092257 ], [ 6.169472232850773, 46.995991268321212 ], [ 6.169323849620875, 46.995935875043095 ], [ 6.168662576291072, 46.995659574041838 ], [ 6.168528926479143, 46.995603865154507 ], [ 6.168207482124683, 46.99546969545414 ], [ 6.166445937768494, 46.994742699253429 ], [ 6.166348621297917, 46.994700137251648 ], [ 6.166317604606773, 46.994687743027463 ], [ 6.166286235680214, 46.994676079316363 ], [ 6.166285967437905, 46.994675996573221 ], [ 6.166268373830397, 46.994670172067778 ], [ 6.166247608796023, 46.99466416429609 ], [ 6.166151425949995, 46.99463643858973 ], [ 6.166135489294943, 46.994631920180083 ], [ 6.165526931552659, 46.99445678624766 ], [ 6.165118478104993, 46.994341035078882 ], [ 6.164423620447787, 46.994158351865558 ], [ 6.163585965453475, 46.993963632388848 ], [ 6.163094328811865, 46.99385078646516 ], [ 6.162805887862259, 46.993798504995176 ], [ 6.162708936469754, 46.993782331191944 ], [ 6.162643441341113, 46.993770340762715 ], [ 6.161534714718116, 46.993567811027894 ], [ 6.160954020167092, 46.993449738175329 ], [ 6.160643776755776, 46.99337137743904 ], [ 6.159782164280735, 46.993153859870979 ], [ 6.159682179897739, 46.993128575828756 ], [ 6.159635130313619, 46.993116709177201 ], [ 6.158169304141016, 46.992765883162662 ], [ 6.158140010302867, 46.99275812516337 ], [ 6.157633827979439, 46.992637094730426 ], [ 6.156638457142921, 46.992406276090662 ], [ 6.156240061889511, 46.99231553891569 ], [ 6.156209474820129, 46.992308176252465 ], [ 6.155762360698092, 46.992203993207418 ], [ 6.155551954649081, 46.992154965291498 ], [ 6.155499595125054, 46.992142341209401 ], [ 6.155329521460523, 46.992102932099165 ], [ 6.154936505466515, 46.992011773059673 ], [ 6.154931966891652, 46.992010725825544 ], [ 6.154868021916805, 46.991995895393217 ], [ 6.154589050296494, 46.991922790652715 ], [ 6.154473104219234, 46.991892442303453 ], [ 6.154034117304331, 46.991780731871906 ], [ 6.153702274241181, 46.99168843655395 ], [ 6.153323669415391, 46.99158462370896 ], [ 6.153017860686408, 46.991498372663479 ], [ 6.152858940277271, 46.991455951933688 ], [ 6.152386472740919, 46.991318749565366 ], [ 6.152037407501165, 46.991217819606462 ], [ 6.151932587121985, 46.991188516318289 ], [ 6.151559820292812, 46.991096612515207 ], [ 6.151258060230308, 46.991020968922683 ], [ 6.151280847811839, 46.990966913507293 ], [ 6.151611729437676, 46.990305055039002 ], [ 6.151752558691046, 46.990080447124967 ], [ 6.151961548482648, 46.989726386197759 ], [ 6.151972943370414, 46.989680210839147 ], [ 6.152012525524031, 46.989519100846032 ], [ 6.152184177125434, 46.988818701040792 ], [ 6.152192510481933, 46.988778736521624 ], [ 6.152245305313897, 46.988571040849209 ], [ 6.152265758775505, 46.988483799807334 ], [ 6.152291293907988, 46.988375335049554 ], [ 6.152376240259104, 46.988034935325381 ], [ 6.152387480669848, 46.988004172240643 ], [ 6.152393048036004, 46.987959687883183 ], [ 6.152398966681494, 46.987927988984303 ], [ 6.152462036273292, 46.987709109432004 ], [ 6.152120100620852, 46.987646460648243 ], [ 6.151662634951644, 46.987503980366185 ], [ 6.151584304169023, 46.987479449509102 ], [ 6.151286936020878, 46.987386205870195 ], [ 6.151062535252209, 46.987318089807104 ], [ 6.150863080959325, 46.987260014393669 ], [ 6.150465514563222, 46.987144276429881 ], [ 6.15034196261079, 46.987102958852901 ], [ 6.150335773472875, 46.987100695052739 ], [ 6.150306847014061, 46.987090131844603 ], [ 6.14972644148743, 46.986889549966172 ], [ 6.148723604924375, 46.986598229050891 ], [ 6.148399038924791, 46.986503558225522 ], [ 6.148159932260428, 46.986433765722964 ], [ 6.147970809792286, 46.986390180805415 ], [ 6.147629047672587, 46.986314448965935 ], [ 6.147624120567714, 46.986313502169395 ], [ 6.146352349771274, 46.986068246374728 ], [ 6.144529868417706, 46.985724550744656 ], [ 6.144383015496402, 46.985696747431454 ], [ 6.144381006883932, 46.985696171455707 ], [ 6.144311998112706, 46.985680121904508 ], [ 6.143821980079252, 46.985593012954638 ], [ 6.143510501608125, 46.985539690932178 ], [ 6.143457056601502, 46.985530875639164 ], [ 6.143422458481468, 46.985520104928739 ], [ 6.143322053069865, 46.985478149162212 ], [ 6.14306071686443, 46.98535651073027 ], [ 6.142946484625757, 46.98530547038132 ], [ 6.142881382832916, 46.985272824177571 ], [ 6.143023778268692, 46.984977451515043 ], [ 6.143229377785104, 46.984557722054618 ], [ 6.143277319075006, 46.984492350195374 ], [ 6.143279275836854, 46.984489773901032 ], [ 6.143608030955311, 46.984075427042221 ], [ 6.143852934250147, 46.983871869810159 ], [ 6.144232464131152, 46.983735014170215 ], [ 6.144902183729211, 46.983444362602249 ], [ 6.145157996337967, 46.983260958876201 ], [ 6.145763468535615, 46.982825902391177 ], [ 6.14585124411516, 46.982773138777993 ], [ 6.146470168427265, 46.982408714742107 ], [ 6.146542497807213, 46.982364301327493 ], [ 6.146609664917944, 46.982312640032369 ], [ 6.147009507944746, 46.982014020823001 ], [ 6.147446012997962, 46.981614832297531 ], [ 6.14752229030019, 46.981534268043198 ], [ 6.147599125658622, 46.981479098399006 ], [ 6.147673173760545, 46.981425806899161 ], [ 6.147937539124137, 46.981235855498042 ], [ 6.148041107035356, 46.981074621794747 ], [ 6.148052093857926, 46.981057562136741 ], [ 6.148056401032381, 46.981052398614942 ], [ 6.148102612564041, 46.980995902049777 ], [ 6.148118269043974, 46.980975380979608 ], [ 6.14855522807056, 46.980421643313946 ], [ 6.148595685524218, 46.980370349561532 ], [ 6.148611567825281, 46.980349191501638 ], [ 6.148943077615196, 46.97991772182074 ], [ 6.149042318645405, 46.979788502732639 ], [ 6.149270923813527, 46.979477700846786 ], [ 6.149454342886864, 46.979225169762181 ], [ 6.149615625821188, 46.979003969154938 ], [ 6.149675849552942, 46.978921408837017 ], [ 6.149692352702716, 46.978890592273999 ], [ 6.149846489831142, 46.978657512218724 ], [ 6.150032741752715, 46.978370121612485 ], [ 6.150096894265461, 46.978266909474144 ], [ 6.150109000470425, 46.978244232405459 ], [ 6.150140080004137, 46.97819472598745 ], [ 6.150234054460864, 46.978045285503477 ], [ 6.150403428351235, 46.97777331287211 ], [ 6.150422086301437, 46.977743338363432 ], [ 6.150018219742795, 46.977450623682792 ], [ 6.149904317312684, 46.977366692579494 ], [ 6.149745429644481, 46.977249569599351 ], [ 6.149138025847689, 46.976809861771436 ], [ 6.148492318820708, 46.976342993598394 ], [ 6.148038777226163, 46.97599495201861 ], [ 6.14788858272602, 46.975880022180249 ], [ 6.147785636775305, 46.975805521477234 ], [ 6.147671415113246, 46.975722768410783 ], [ 6.147467521699383, 46.9755786678448 ], [ 6.147314841542173, 46.975470743336551 ], [ 6.147188325002725, 46.975382558622087 ], [ 6.146804999761181, 46.975163880678274 ], [ 6.146796147122537, 46.975158806013951 ], [ 6.146586307369398, 46.975039104829506 ], [ 6.146013120706955, 46.974711350852139 ], [ 6.145813230279444, 46.974597413985883 ], [ 6.145513125489104, 46.974426380255906 ], [ 6.145472275138512, 46.974403075903766 ], [ 6.14514828039692, 46.974219627605876 ], [ 6.144829602358761, 46.97403927725599 ], [ 6.144734992353612, 46.973985721573683 ], [ 6.144444366051662, 46.973823617521923 ], [ 6.144144508643831, 46.973665729168957 ], [ 6.143684783568856, 46.973420921534085 ], [ 6.143520404054509, 46.973333404943141 ], [ 6.143085910454777, 46.973103585594949 ], [ 6.142963264465783, 46.973038718584661 ], [ 6.142447054361929, 46.972838786989342 ], [ 6.142077041589894, 46.972694429246211 ], [ 6.141246513615005, 46.972370511761206 ], [ 6.141183613067937, 46.972346004592779 ], [ 6.140979442194191, 46.972264524450196 ], [ 6.141252266109795, 46.972202307340019 ], [ 6.141419219660895, 46.971976548357034 ], [ 6.141563255757553, 46.971881887059027 ], [ 6.1416588707068, 46.971758179238513 ], [ 6.141827123763128, 46.971536709230996 ], [ 6.141927917398558, 46.971407003127617 ], [ 6.141950063013638, 46.971378106334072 ], [ 6.142057214477082, 46.971258138504261 ], [ 6.142080192553352, 46.971241293208038 ], [ 6.142141882386197, 46.971152209107366 ], [ 6.142273626373166, 46.970911909938323 ], [ 6.142572183706527, 46.970518298686478 ], [ 6.142674751997051, 46.970382956837256 ], [ 6.142821697496426, 46.970213966987302 ], [ 6.143078739033155, 46.969858068915983 ], [ 6.143151802569552, 46.969765430259329 ], [ 6.143365511879882, 46.969474778215442 ], [ 6.143374293903169, 46.969462824975224 ], [ 6.143437997481012, 46.969376748724876 ], [ 6.143442997925749, 46.969372197184192 ], [ 6.143444359830408, 46.969370718352721 ], [ 6.143488646080661, 46.969319682151706 ], [ 6.143489455560082, 46.96932002050557 ], [ 6.143504510007163, 46.969325376833019 ], [ 6.14350777465403, 46.969324927395405 ], [ 6.143644628105569, 46.969387514068252 ], [ 6.143683114581936, 46.969406468231966 ], [ 6.143732512848731, 46.969431972916638 ], [ 6.143762127028698, 46.969445492290781 ], [ 6.143801970249496, 46.969462877615875 ], [ 6.143884416129463, 46.969499825634891 ], [ 6.143927721958227, 46.969524685418044 ], [ 6.1439685203007, 46.969549433351567 ], [ 6.144018405212753, 46.969585557181574 ], [ 6.144061199587886, 46.969617459148957 ], [ 6.144112082071985, 46.969659412640496 ], [ 6.144160996924152, 46.969708267842691 ], [ 6.144206327278717, 46.969754337381993 ], [ 6.144235013400661, 46.969781307776316 ], [ 6.144253419637079, 46.969796754603244 ], [ 6.144274748640969, 46.969812662354748 ], [ 6.144281045503291, 46.969816815723966 ], [ 6.144315174551376, 46.969835528100241 ], [ 6.144372011315659, 46.969864433908803 ], [ 6.144461301728968, 46.969905880390904 ], [ 6.144507537176127, 46.969926785500469 ], [ 6.144534729083614, 46.969937126928137 ], [ 6.144597434591562, 46.969958303642272 ], [ 6.144638698964892, 46.96997069408922 ], [ 6.144673535525892, 46.969976682089424 ], [ 6.144717345649227, 46.969983056061523 ], [ 6.144739592620982, 46.969985332653202 ], [ 6.144797870480575, 46.969989239528132 ], [ 6.144844394417715, 46.969990223161425 ], [ 6.144868466133981, 46.969989926980432 ], [ 6.144885809985926, 46.969984858469907 ], [ 6.144932279778651, 46.969969083784655 ], [ 6.144973918741306, 46.969951728837358 ], [ 6.14501735098044, 46.969931261344122 ], [ 6.145094221356604, 46.969892761486825 ], [ 6.145180450413266, 46.969847698833277 ], [ 6.145290685267208, 46.969789906974022 ], [ 6.145370230875645, 46.969752144893711 ], [ 6.145372296999951, 46.969751457782564 ], [ 6.145422356810124, 46.969736305797746 ], [ 6.145531681750552, 46.969703588060831 ], [ 6.145580221533901, 46.969691721301722 ], [ 6.145637130535259, 46.969678905325857 ], [ 6.145665077663593, 46.969672826542336 ], [ 6.145669882734411, 46.96967170427039 ], [ 6.145707508093942, 46.969664550455676 ], [ 6.145725229857465, 46.96966145384043 ], [ 6.145755725487929, 46.969660711876024 ], [ 6.145828050650221, 46.969659459308012 ], [ 6.145873460064841, 46.969659391654154 ], [ 6.145922722688302, 46.969659939692249 ], [ 6.145987582416355, 46.969661593918218 ], [ 6.14603566177693, 46.969664426853285 ], [ 6.146104237615716, 46.969668863012103 ], [ 6.146125643580518, 46.969670261221232 ], [ 6.146240122239957, 46.969678580741984 ], [ 6.146308161938109, 46.969682851198755 ], [ 6.14638353913533, 46.969693318920015 ], [ 6.146459483976001, 46.969704491951674 ], [ 6.1466031831056, 46.969728593214754 ], [ 6.14670807678901, 46.969746364717658 ], [ 6.146716040845762, 46.969747498947065 ], [ 6.146845042890659, 46.969765603496853 ], [ 6.146853890240572, 46.969766082863565 ], [ 6.146903852016202, 46.969767332253198 ], [ 6.147030938067712, 46.969770621349269 ], [ 6.147075884359977, 46.969773899800586 ], [ 6.147104162354318, 46.969768983016493 ], [ 6.147170581190915, 46.969754464987645 ], [ 6.147184565371695, 46.969750479002826 ], [ 6.147192919272892, 46.969747007134238 ], [ 6.147196126264299, 46.969745567996213 ], [ 6.147200285071361, 46.969742390855295 ], [ 6.147210926792053, 46.969732999620895 ], [ 6.147270662158322, 46.969669285695034 ], [ 6.147351807299422, 46.969584443021603 ], [ 6.147495594460692, 46.969433824529737 ], [ 6.147525826883276, 46.969403714602159 ], [ 6.14760797428494, 46.969324791378227 ], [ 6.147802642769871, 46.969134758414683 ], [ 6.147825550757271, 46.969112237100283 ], [ 6.14786301217603, 46.969075171715943 ], [ 6.147945185535957, 46.968992192719881 ], [ 6.147987994635446, 46.968945249781939 ], [ 6.148078639921077, 46.968840503919651 ], [ 6.148187490639402, 46.968727421586891 ], [ 6.148210587741776, 46.968703633530062 ], [ 6.148219399665262, 46.968694472368043 ], [ 6.148222627895167, 46.968691140383733 ], [ 6.148235330393296, 46.968678719255678 ], [ 6.148297233928699, 46.9686183695502 ], [ 6.148416749824109, 46.968505356152228 ], [ 6.148454762315479, 46.968468726029215 ], [ 6.148486423565553, 46.968438306472123 ], [ 6.148595256653149, 46.968361086543119 ], [ 6.148814614963212, 46.968204077148826 ], [ 6.148815498201364, 46.968203422280268 ], [ 6.148823521085711, 46.968196535277755 ], [ 6.148834993022593, 46.968185589387851 ], [ 6.148852952736059, 46.96816851927138 ], [ 6.14887695417919, 46.968139930719666 ], [ 6.148925998520028, 46.968078039616273 ], [ 6.148983740047346, 46.967998250064483 ], [ 6.149002158464358, 46.967970985359806 ], [ 6.14904528564846, 46.967893397075393 ], [ 6.14918258592577, 46.967640682465117 ], [ 6.149239021328954, 46.967572371954979 ], [ 6.149235575186948, 46.967556156814517 ], [ 6.149234156749095, 46.967549888106028 ], [ 6.149281777214972, 46.967551650900631 ], [ 6.14928916288537, 46.967551899680402 ], [ 6.149533067149338, 46.967572178582337 ], [ 6.149685868079039, 46.967585394682878 ], [ 6.149808333192725, 46.96759304183751 ], [ 6.150155819328957, 46.967633466563314 ], [ 6.150342094332998, 46.967656399715629 ], [ 6.150390087665855, 46.967662296768552 ], [ 6.150411984035034, 46.967645028707416 ], [ 6.150431367427707, 46.96762981165719 ], [ 6.150475429278447, 46.967541204224993 ], [ 6.150631706548165, 46.967311576985914 ], [ 6.150723367388895, 46.967174723081484 ], [ 6.150842028514599, 46.966968199615351 ], [ 6.150850556385018, 46.9669541802349 ], [ 6.150978084907462, 46.966743990183936 ], [ 6.150988962222853, 46.966731888920783 ], [ 6.151055343429977, 46.966631047408995 ], [ 6.151191728289002, 46.966466659472957 ], [ 6.151278556017305, 46.966375621181321 ], [ 6.151410049370568, 46.966226684774256 ], [ 6.151488497040451, 46.96613866867974 ], [ 6.151557407794799, 46.966063167740323 ], [ 6.15188472862914, 46.965733259265136 ], [ 6.151880036926497, 46.965706986282548 ], [ 6.151953708347114, 46.965697312995815 ], [ 6.152168620252239, 46.965660710529299 ], [ 6.152200634497929, 46.965638660094221 ], [ 6.152203941225144, 46.965634424770371 ], [ 6.152234200299756, 46.965543941230578 ], [ 6.152264580757591, 46.965446516142741 ], [ 6.152280637592878, 46.965405889500168 ], [ 6.152281300097435, 46.965403708823928 ], [ 6.15229933038522, 46.96527283140616 ], [ 6.152302375572943, 46.965252834556459 ], [ 6.152342672076535, 46.96518775691311 ], [ 6.152413947503372, 46.9650919167022 ], [ 6.152614587337061, 46.964826562187334 ], [ 6.152618676854176, 46.964826720671077 ], [ 6.152942011605707, 46.964839233239331 ], [ 6.152962196377302, 46.964840032786746 ], [ 6.153193054503873, 46.964848946603794 ], [ 6.153382354606721, 46.964865214102488 ], [ 6.153590335654401, 46.964892594041622 ], [ 6.153656393214481, 46.964901329476014 ], [ 6.15373610163542, 46.964913926448908 ], [ 6.15394196410248, 46.964952356749272 ], [ 6.153995689824459, 46.964966295139924 ], [ 6.154238000807387, 46.965011296692488 ], [ 6.15425383844744, 46.965014287414697 ], [ 6.154395189323649, 46.965041146215313 ], [ 6.15449487775806, 46.965060044087679 ], [ 6.154604206732929, 46.965077236360997 ], [ 6.154609095254693, 46.965077553124296 ], [ 6.15468559799684, 46.965082578095057 ], [ 6.154786023313817, 46.965080280452355 ], [ 6.154833885744374, 46.965023104416026 ], [ 6.15532834474716, 46.965119231893148 ], [ 6.155450904731241, 46.965135340379277 ], [ 6.155624490457162, 46.965112387350437 ], [ 6.155751093214294, 46.965105317498775 ], [ 6.155996808161591, 46.965089129768323 ], [ 6.156237303260364, 46.965073715169865 ], [ 6.156471369536018, 46.965058656304258 ], [ 6.156473330207191, 46.965058422406358 ], [ 6.1565205755507, 46.965051542168609 ], [ 6.156541527960586, 46.965040696283978 ], [ 6.156544970968, 46.965038799872588 ], [ 6.15657161090208, 46.96502392365435 ], [ 6.156742063038274, 46.964922571598642 ], [ 6.157083275539075, 46.964722921864229 ], [ 6.157094603164308, 46.964716304160241 ], [ 6.157563448764677, 46.964441702645935 ], [ 6.157753007437663, 46.964219172393982 ], [ 6.157753380636023, 46.964218801743378 ], [ 6.158094482863031, 46.963925080057436 ], [ 6.158209326919126, 46.963827231360668 ], [ 6.158284643647003, 46.96376245345995 ], [ 6.15848283463659, 46.963588613434567 ], [ 6.158662764352551, 46.963428879554797 ], [ 6.158741323023873, 46.963361038954559 ], [ 6.158759350749068, 46.963320447336059 ], [ 6.158851782192315, 46.963156713033811 ], [ 6.158852381372804, 46.963155705437316 ], [ 6.159022399069519, 46.962833238814376 ], [ 6.15906116102782, 46.962760090918891 ], [ 6.15908415019318, 46.96271882262328 ], [ 6.159087146049471, 46.96271378463404 ], [ 6.159091708166037, 46.962706270830921 ], [ 6.159096254501176, 46.962698487138802 ], [ 6.159204920526818, 46.962537821738863 ], [ 6.159543349967325, 46.962245970499708 ], [ 6.159874475744516, 46.961968825596244 ], [ 6.160148660977665, 46.961737573338354 ], [ 6.16021123157124, 46.961673233524799 ], [ 6.160020561867387, 46.961541137205778 ], [ 6.159884711791332, 46.961452951897542 ], [ 6.159842277310855, 46.961422757811867 ], [ 6.159656308210364, 46.96128773875617 ], [ 6.159655072976511, 46.961286871542484 ], [ 6.159616996205219, 46.961259171041625 ], [ 6.15981736098114, 46.961003451329631 ], [ 6.160016294096002, 46.960745788086093 ], [ 6.160092080706048, 46.960648647404277 ], [ 6.160131629438684, 46.960598004246187 ], [ 6.160354577918656, 46.960314451909937 ], [ 6.160424834285806, 46.960221787730376 ], [ 6.160463672925369, 46.960172515511744 ], [ 6.160768852348149, 46.959807593461861 ], [ 6.160771685076461, 46.959804271926252 ], [ 6.160747807106114, 46.959803304739609 ], [ 6.160492013816121, 46.95979301779704 ], [ 6.160491172800407, 46.959792139783758 ], [ 6.160419302591424, 46.959713194013013 ], [ 6.160404064529097, 46.959697933143616 ], [ 6.160402950194608, 46.959696882408977 ], [ 6.16036769156424, 46.959672348756669 ], [ 6.160300470181761, 46.959627876636148 ], [ 6.160271103824948, 46.959607326342905 ], [ 6.16026407100459, 46.959601842401128 ], [ 6.160262809491045, 46.959600525378647 ], [ 6.160239566139944, 46.959576653455343 ], [ 6.160190761398948, 46.959525278750043 ], [ 6.160173200234078, 46.959508549718926 ], [ 6.160162587830326, 46.959498117902776 ], [ 6.160149126618606, 46.959486232363766 ], [ 6.160067119284514, 46.959418467276834 ], [ 6.160037616202156, 46.959393325208318 ], [ 6.160028423054484, 46.959384656617196 ], [ 6.159979587120287, 46.959332742041568 ], [ 6.159928916840308, 46.959278715159492 ], [ 6.159910004901301, 46.959259139689827 ], [ 6.159872317723163, 46.959220075101818 ], [ 6.1598597659068, 46.959207984387973 ], [ 6.159847907911415, 46.959196505403817 ], [ 6.159822142056901, 46.959172252015975 ], [ 6.159800029302937, 46.959151953307384 ], [ 6.159799067432568, 46.959151258816824 ], [ 6.159775246897361, 46.959137764959458 ], [ 6.159732898953645, 46.95911802092818 ], [ 6.159729934557064, 46.959116840686718 ], [ 6.159700847752681, 46.959105563638609 ], [ 6.159678278347469, 46.959095459540919 ], [ 6.159629465459962, 46.959070936789566 ], [ 6.159584804843148, 46.959047651810614 ], [ 6.159572652813411, 46.959040145577049 ], [ 6.159555002912009, 46.959028645109335 ], [ 6.159488760531485, 46.958982884211402 ], [ 6.159471609843204, 46.958968666832163 ], [ 6.159484877623625, 46.95890072275926 ], [ 6.159496516451683, 46.958840932981111 ], [ 6.159503037049236, 46.958801647721259 ], [ 6.159505642934883, 46.958780941741828 ], [ 6.15950590561627, 46.958778681861354 ], [ 6.159507139781142, 46.958759274981659 ], [ 6.15950758086574, 46.958751063134912 ], [ 6.159508985815561, 46.958678308101483 ], [ 6.159511522522156, 46.958640663860074 ], [ 6.159512163498391, 46.958635870608219 ], [ 6.159517292317275, 46.958617798689637 ], [ 6.159527334834526, 46.958589229754303 ], [ 6.159556353746362, 46.958511572871267 ], [ 6.159578120419428, 46.95845168567633 ], [ 6.1595932550552, 46.958408920424944 ], [ 6.159636467531877, 46.95828816362225 ], [ 6.159650898344355, 46.958255870090774 ], [ 6.159577854107657, 46.958177046136996 ], [ 6.159541350026137, 46.958128938301726 ], [ 6.159447454976892, 46.958022121812775 ], [ 6.159406941106974, 46.957977457814351 ], [ 6.159290824201047, 46.95785070585017 ], [ 6.159242931261743, 46.957801378258758 ], [ 6.15915649099358, 46.957716253287067 ], [ 6.159041017168559, 46.957607234590839 ], [ 6.158939020123302, 46.957512624031857 ], [ 6.158930715495417, 46.957498885006672 ], [ 6.158929254299271, 46.957496402049529 ], [ 6.158935755611401, 46.957495052482393 ], [ 6.158949541337253, 46.957492241778219 ], [ 6.15908419247608, 46.957463321441558 ], [ 6.159099665264169, 46.957460104052593 ], [ 6.159177922731614, 46.95744579473093 ], [ 6.159290336994766, 46.957425953691434 ], [ 6.159294247239358, 46.957425305872519 ], [ 6.159332282752786, 46.957418586597917 ], [ 6.159460469368817, 46.957398403187071 ], [ 6.159465951069786, 46.95739762218075 ], [ 6.159506372663769, 46.957391197873072 ], [ 6.159592019511969, 46.957377226359064 ], [ 6.159595982237241, 46.957375225482259 ], [ 6.159599939701851, 46.95737313464226 ], [ 6.159602499183175, 46.957371893088435 ], [ 6.159610755454171, 46.957362295615532 ], [ 6.159656461575644, 46.95730445536411 ], [ 6.159761337619074, 46.957169212863562 ], [ 6.159812592972726, 46.957102750332133 ], [ 6.159832253390788, 46.957081126265393 ], [ 6.159842601336097, 46.957071291217474 ], [ 6.159848713404648, 46.957065537010742 ], [ 6.159850957473004, 46.957063403024641 ], [ 6.159854231638417, 46.957060880370328 ], [ 6.15985498842903, 46.957060318980027 ], [ 6.159859813000529, 46.957057303286383 ], [ 6.159860328049082, 46.957057108952263 ], [ 6.159864175130789, 46.957055381557232 ], [ 6.159887515268012, 46.957047172695667 ], [ 6.160071161882816, 46.956987442889002 ], [ 6.160244055121036, 46.956930620719618 ], [ 6.160312088656034, 46.956908030716278 ], [ 6.160353318740255, 46.956895186312096 ], [ 6.160390623125731, 46.956887225217564 ], [ 6.160404271967223, 46.956884327978521 ], [ 6.160408303028019, 46.956883496593015 ], [ 6.160432589362689, 46.956880217574792 ], [ 6.160514478490747, 46.956883018230926 ], [ 6.160663325435975, 46.956889839768955 ], [ 6.160710521659704, 46.956891248807743 ], [ 6.160725878744744, 46.956890557370684 ], [ 6.160727702447026, 46.956890237039836 ], [ 6.160742528537483, 46.956887217370877 ], [ 6.160750711516549, 46.956885371047022 ], [ 6.160768901010035, 46.956879105387493 ], [ 6.160770440878522, 46.956878432409916 ], [ 6.160795425418486, 46.956864591611179 ], [ 6.160811712097519, 46.956855044152817 ], [ 6.160818454853295, 46.956851074742417 ], [ 6.160858664370594, 46.956827535366962 ], [ 6.160895589226824, 46.95680633873544 ], [ 6.160915060678606, 46.956794991885474 ], [ 6.161034616162903, 46.956717284552724 ], [ 6.161049714968224, 46.956707679527298 ], [ 6.161070053465577, 46.956695407797184 ], [ 6.161099095193317, 46.956681185338127 ], [ 6.161172220202442, 46.956651156478195 ], [ 6.161183403900656, 46.956646614712369 ], [ 6.161356830782369, 46.956587703701949 ], [ 6.161406674109074, 46.956571378803396 ], [ 6.161424232781416, 46.956565580873665 ], [ 6.161480387718909, 46.956544667566888 ], [ 6.161072363649527, 46.956131993276848 ], [ 6.161007941420655, 46.956079064873585 ], [ 6.160931163228766, 46.956024132494356 ], [ 6.160777844937031, 46.955929579313377 ], [ 6.160752937624363, 46.95591548472752 ], [ 6.160725174469357, 46.955872814312336 ], [ 6.160644873575078, 46.955714895546173 ], [ 6.16063073425194, 46.955689152135093 ], [ 6.160597935170153, 46.955627877455179 ], [ 6.160532038239346, 46.955513716246159 ], [ 6.160508852558564, 46.955463801785719 ], [ 6.160458331588097, 46.955317771454979 ], [ 6.160442919156996, 46.955270256951955 ], [ 6.160426153935951, 46.955190611214199 ], [ 6.160404648132416, 46.955108662560377 ], [ 6.160380716063109, 46.955052731348758 ], [ 6.160373882572598, 46.955032644564326 ], [ 6.160344717587081, 46.954999744098799 ], [ 6.160289851723845, 46.954943669867667 ], [ 6.160082796735961, 46.954792019455333 ], [ 6.159958666546418, 46.954687924614362 ], [ 6.159951781566482, 46.954682706932459 ], [ 6.159867989952581, 46.954620307061276 ], [ 6.15972391064293, 46.954512613957661 ], [ 6.15966255598423, 46.954467079679922 ], [ 6.159365843509185, 46.954247151608939 ], [ 6.159203571487214, 46.954129864559604 ], [ 6.159173457036479, 46.954109965301676 ], [ 6.159046209496529, 46.954031275151529 ], [ 6.158786649199426, 46.953870519088454 ], [ 6.158725222756899, 46.953832735541177 ], [ 6.158364633150708, 46.953609509636159 ], [ 6.15821959818885, 46.953516888882504 ], [ 6.158142900074203, 46.953463214088892 ], [ 6.158114089113698, 46.953418319132219 ], [ 6.15806881114383, 46.953285299895839 ], [ 6.158018577638002, 46.953153047175405 ], [ 6.158007183508419, 46.953126957934636 ], [ 6.157991705756177, 46.953089536955893 ], [ 6.157971644624401, 46.953016468958722 ], [ 6.157940383821933, 46.952911629622548 ], [ 6.157945090401735, 46.952807516831498 ], [ 6.157961726589289, 46.952709384680439 ], [ 6.157968678172678, 46.952654949605616 ], [ 6.157973785332346, 46.952609485690438 ], [ 6.157974977510622, 46.952573590312852 ], [ 6.157981054279279, 46.952407356019492 ], [ 6.157993555414711, 46.952114615211947 ], [ 6.157993339730581, 46.951863221659707 ], [ 6.157860849040927, 46.951773500694621 ], [ 6.1577002800557, 46.951667158165527 ], [ 6.157431391212034, 46.951488363153508 ], [ 6.157176335779504, 46.95132108277204 ], [ 6.157042807265994, 46.951233822252881 ], [ 6.156897476158902, 46.951151750672487 ], [ 6.156739838021639, 46.951043704676742 ], [ 6.156551756630008, 46.951142117122338 ], [ 6.156515222832238, 46.951160958959477 ], [ 6.156320098739441, 46.951258212277061 ], [ 6.156084388274193, 46.951363514932396 ], [ 6.155976530641545, 46.951416117571092 ], [ 6.155852628894752, 46.951462131059174 ], [ 6.155168203769793, 46.951384995928251 ], [ 6.154966080662255, 46.951362415659389 ], [ 6.154743830568376, 46.951337682752694 ], [ 6.154678025903166, 46.951328490895008 ], [ 6.154640278403344, 46.951322045214106 ], [ 6.154305943928958, 46.951245954610343 ], [ 6.154113528988764, 46.951202562732497 ], [ 6.153932863724539, 46.951180114297955 ], [ 6.153834987378466, 46.951169276622167 ], [ 6.15366279855583, 46.951152272565729 ], [ 6.153545362792515, 46.951139987496688 ], [ 6.153252969073096, 46.95111059320049 ], [ 6.153145184714538, 46.951211848981593 ], [ 6.152982060010166, 46.951135936187711 ], [ 6.1527794692125, 46.95099703663508 ], [ 6.152538244198889, 46.950854507970796 ], [ 6.152439868029817, 46.9507967369996 ], [ 6.152340135940118, 46.950742787534935 ], [ 6.152264818905686, 46.950692315134091 ], [ 6.152214068443939, 46.950654686837829 ], [ 6.152072611007427, 46.950546372396545 ], [ 6.152054308786211, 46.950532636033529 ], [ 6.151907748867104, 46.950429326737719 ], [ 6.151852963152344, 46.950390186722814 ], [ 6.151739761056265, 46.950308311516828 ], [ 6.151695668913649, 46.950276538098045 ], [ 6.151508455442603, 46.950139468611859 ], [ 6.151384272167277, 46.950049783722115 ], [ 6.151339665660381, 46.950015951777992 ], [ 6.15120739698878, 46.949911710232563 ], [ 6.151034731972237, 46.949773611487181 ], [ 6.150942131110861, 46.949699732460779 ], [ 6.150733337141711, 46.949535498838692 ], [ 6.15058712017974, 46.949419924038537 ], [ 6.150534003141054, 46.94937325893514 ], [ 6.150470281316852, 46.949329767132724 ], [ 6.150312405552218, 46.949251184291107 ], [ 6.150164948527841, 46.949191058727394 ], [ 6.150016443817558, 46.949149073135821 ], [ 6.14985274889919, 46.949094797433119 ], [ 6.149736073255278, 46.94905707766295 ], [ 6.149598563592653, 46.949007312169293 ], [ 6.149559227315832, 46.948991627276797 ], [ 6.14942844424408, 46.948942128294085 ], [ 6.149379360834389, 46.948921753821395 ], [ 6.149242867081202, 46.948864571382138 ], [ 6.149088969680387, 46.948768397465798 ], [ 6.148991830525491, 46.948711400882495 ], [ 6.148910754436319, 46.948663606778467 ], [ 6.148907486169511, 46.94866171372378 ], [ 6.148904900975837, 46.9486602525403 ], [ 6.148889431750367, 46.948652205148669 ], [ 6.14880030507961, 46.948606252863499 ], [ 6.148705161626697, 46.948560915435628 ], [ 6.148693412484866, 46.948555739911875 ], [ 6.148619307386133, 46.948525956771171 ], [ 6.148585015967786, 46.948513287476842 ], [ 6.148568637363229, 46.948507697777949 ], [ 6.14849327039157, 46.948483355454172 ], [ 6.14834742327952, 46.948437240373003 ], [ 6.148337907175298, 46.948434256486166 ], [ 6.148112027178675, 46.948365007393484 ], [ 6.148096883421069, 46.948360284968089 ], [ 6.147944953421026, 46.948304604002907 ], [ 6.147860891753827, 46.948271037542931 ], [ 6.147859956430136, 46.948270792769712 ], [ 6.147816080439318, 46.948258475157566 ], [ 6.147806180759784, 46.9482556819192 ], [ 6.147794064981269, 46.948244208833678 ], [ 6.147782784597626, 46.948233523892043 ], [ 6.14775883676839, 46.948210930393586 ], [ 6.147717245496757, 46.948174581887706 ], [ 6.147699150671521, 46.948157595360058 ], [ 6.147632587361642, 46.948096879146071 ], [ 6.147563098124769, 46.948031106711944 ], [ 6.147530255447547, 46.948000376156109 ], [ 6.147451104183669, 46.947926848024522 ], [ 6.147393682268867, 46.947880749672237 ], [ 6.14736619258675, 46.947860595609129 ], [ 6.14733280249994, 46.947836277545591 ], [ 6.147327374378616, 46.947835704931485 ], [ 6.147226383941055, 46.947825487524057 ], [ 6.147205181632903, 46.947820660119113 ], [ 6.147120929757653, 46.947799623208809 ], [ 6.147071384416471, 46.947787099717992 ], [ 6.14703451478213, 46.947768553328757 ], [ 6.146977568448655, 46.947739652221763 ], [ 6.146819108824056, 46.947659909377606 ], [ 6.146645574348039, 46.947576613227596 ], [ 6.146635470153533, 46.947572563980167 ], [ 6.146557252727522, 46.947544423674003 ], [ 6.146389342646725, 46.947483139896086 ], [ 6.146330734973053, 46.947461852824482 ], [ 6.146137897866777, 46.947395031856949 ], [ 6.146065986263744, 46.947368971755111 ], [ 6.14606423655997, 46.947368298665232 ], [ 6.146012354735126, 46.94734953103508 ], [ 6.145784483041139, 46.947266275258116 ], [ 6.145658709648596, 46.947219068319903 ], [ 6.145617331966825, 46.947202176365806 ], [ 6.145563522739943, 46.947179676660667 ], [ 6.145541029491847, 46.94716848660596 ], [ 6.145524805333671, 46.947156494686688 ], [ 6.145500137832796, 46.947139597128213 ], [ 6.145489756774752, 46.94712852700318 ], [ 6.145483237318317, 46.947120505219246 ], [ 6.14546973100124, 46.94710321291123 ], [ 6.145462376212495, 46.947094402963813 ], [ 6.145396309830707, 46.947012767180084 ], [ 6.145387273923126, 46.947002200974055 ], [ 6.14538574556821, 46.946998548305373 ], [ 6.145374386908229, 46.946988766349534 ], [ 6.145343867430213, 46.946964008966468 ], [ 6.145266835857898, 46.946901955264181 ], [ 6.145240629741019, 46.946881225050483 ], [ 6.145190366584707, 46.946840516916176 ], [ 6.145101204294598, 46.946768972528901 ], [ 6.145072302879249, 46.946747144447691 ], [ 6.144986590656049, 46.946687399931903 ], [ 6.144965432848637, 46.946674281083041 ], [ 6.144923369531238, 46.946647856275455 ], [ 6.144874160523214, 46.946618472712991 ], [ 6.144860011397897, 46.946610478890442 ], [ 6.144836977355399, 46.946599033144025 ], [ 6.144731422821303, 46.946544245160268 ], [ 6.144571497264406, 46.946470846867854 ], [ 6.144533514608453, 46.946455754151174 ], [ 6.144395246432043, 46.946395010383071 ], [ 6.144324563259557, 46.946360625896716 ], [ 6.144206656461955, 46.946303831702913 ], [ 6.144175190058981, 46.946287660017852 ], [ 6.143991520055371, 46.94619283260247 ], [ 6.14397877904287, 46.946186422184937 ], [ 6.143826996709988, 46.946105952626681 ], [ 6.143793303073093, 46.946087679038051 ], [ 6.143471926991933, 46.945925873516828 ], [ 6.143342419372199, 46.945870926738117 ], [ 6.143302438903552, 46.945905176564821 ], [ 6.14317703940008, 46.946063400409557 ], [ 6.143067698929242, 46.946174240451526 ], [ 6.142860273590665, 46.946125653234567 ], [ 6.14260502649721, 46.946055662839932 ], [ 6.142508473712034, 46.946031173629315 ], [ 6.142065035559112, 46.945912970478695 ], [ 6.141925162793247, 46.945874343760366 ], [ 6.141552582105319, 46.945768623901905 ], [ 6.141240100602648, 46.945678204767731 ], [ 6.141122954048774, 46.945643462966402 ], [ 6.141059122600854, 46.945620513564513 ], [ 6.140993731818926, 46.945593371613271 ], [ 6.140949330855734, 46.945574217676828 ], [ 6.140894044233494, 46.945548872730448 ], [ 6.14084538868756, 46.945524428311217 ], [ 6.140806463370275, 46.945504404230775 ], [ 6.140679290815945, 46.945437496826223 ], [ 6.140671946144628, 46.945433371870266 ], [ 6.140613535862276, 46.945399551787048 ], [ 6.140580501931265, 46.945376753982202 ], [ 6.140530833708095, 46.945348462446013 ], [ 6.140431152648361, 46.945267830210028 ], [ 6.140350865226909, 46.945208475231993 ], [ 6.140243356453454, 46.945124451886258 ], [ 6.140040862377545, 46.944970390641963 ], [ 6.13997255260491, 46.944922422922083 ], [ 6.139880135064812, 46.944858081857262 ], [ 6.139792722421066, 46.944802885350228 ], [ 6.139718157493006, 46.944746888207078 ], [ 6.139470462864551, 46.944786345204726 ], [ 6.139432093479364, 46.944723775181593 ], [ 6.139394189980115, 46.944666959283076 ], [ 6.139343576367318, 46.944608777598404 ], [ 6.139299687069571, 46.944555368578698 ], [ 6.139165921954947, 46.944463229105779 ], [ 6.138797381074835, 46.944247820949506 ], [ 6.138707432837224, 46.944191971876648 ], [ 6.138667717382649, 46.944167373194432 ], [ 6.138565350482568, 46.944103842764584 ], [ 6.13854421091593, 46.944090992620303 ], [ 6.138509979960657, 46.94407020920692 ], [ 6.138487702241169, 46.944051352904161 ], [ 6.138487555206962, 46.944051086588651 ], [ 6.138483721106523, 46.944046235143936 ], [ 6.138263813868401, 46.943857233305138 ], [ 6.138213580443645, 46.943814629262143 ], [ 6.138066089994331, 46.943689973442503 ], [ 6.13794418168286, 46.943586696964424 ], [ 6.137835006678724, 46.943494246868475 ], [ 6.137795842429759, 46.943458729991669 ], [ 6.13770713091492, 46.943374282706337 ], [ 6.137682911058177, 46.943351424342083 ], [ 6.137678015748959, 46.943346421554601 ], [ 6.137559951736609, 46.943223216564405 ], [ 6.137543726112421, 46.943208880855323 ], [ 6.137513211548569, 46.943186374059124 ], [ 6.137501802086526, 46.94317794435986 ], [ 6.137479555613827, 46.943161880331964 ], [ 6.137377788578314, 46.943090493307956 ], [ 6.137345067950642, 46.943066244399418 ], [ 6.137329871611041, 46.943053772878891 ], [ 6.137160428644648, 46.942911241791059 ], [ 6.13714812148386, 46.942900944258881 ], [ 6.136989910415953, 46.942766036544953 ], [ 6.13691342423843, 46.942706305531843 ], [ 6.13685929311175, 46.942666780564203 ], [ 6.136848435403001, 46.942658786318233 ], [ 6.136819463922021, 46.94264245470324 ], [ 6.136782802212015, 46.94262056559301 ], [ 6.136733508152363, 46.942587306470784 ], [ 6.136687192801387, 46.942555498060457 ], [ 6.136636546205519, 46.942528402965991 ], [ 6.136598448457995, 46.942511238433433 ], [ 6.136534212737997, 46.942474421242181 ], [ 6.136364405927917, 46.942359561700286 ], [ 6.136210772616473, 46.942258138162025 ], [ 6.136138743802156, 46.94221171124083 ], [ 6.136131641751897, 46.942207218983427 ], [ 6.136033988680495, 46.942145450399423 ], [ 6.135807044341723, 46.942002680194726 ], [ 6.135730288224781, 46.941954129011727 ], [ 6.135618679195042, 46.941883098462029 ], [ 6.135612113098091, 46.941878771803772 ], [ 6.135519084806146, 46.941817327496729 ], [ 6.13548913815997, 46.941797778263847 ], [ 6.135414800122112, 46.941747809488227 ], [ 6.135308636755354, 46.941673116325646 ], [ 6.135096071564925, 46.94153094474018 ], [ 6.134958304204502, 46.941419446567473 ], [ 6.134868934543988, 46.941357541806717 ], [ 6.134776871641566, 46.941265074013906 ], [ 6.134666433712685, 46.941150669480763 ], [ 6.134639167950453, 46.941129695513929 ], [ 6.134633879057437, 46.941124703313648 ], [ 6.134562297252202, 46.941058710184002 ], [ 6.134406984049673, 46.940996256127576 ], [ 6.134325309348729, 46.940955857342587 ], [ 6.13419739867847, 46.940889503921746 ], [ 6.134027702805577, 46.940796804347826 ], [ 6.133997225678206, 46.940779431736622 ], [ 6.133971518115396, 46.94076490291382 ], [ 6.133905166583694, 46.940721023470815 ], [ 6.133881193717357, 46.940704645319592 ], [ 6.133863487457003, 46.940691971315033 ], [ 6.133837295850808, 46.940666823055821 ], [ 6.133818861308558, 46.940637048607634 ], [ 6.133813974692663, 46.940625377547455 ], [ 6.133794846052798, 46.940572284376834 ], [ 6.133789294163723, 46.940555945868013 ], [ 6.133760768468159, 46.940472381921339 ], [ 6.133738963584558, 46.940411702467848 ], [ 6.133673145527509, 46.94025220169241 ], [ 6.133660527273847, 46.94022289979209 ], [ 6.13360648700085, 46.940105428762386 ], [ 6.133582591598845, 46.940056339770976 ], [ 6.133573682020095, 46.94004108373511 ], [ 6.133509056037755, 46.939933902362966 ], [ 6.133496119204206, 46.939912718699404 ], [ 6.133479462431927, 46.939879561915397 ], [ 6.133446116407002, 46.939839920763575 ], [ 6.133398684438438, 46.939800122003867 ], [ 6.133346886297862, 46.939748547889089 ], [ 6.133331844024541, 46.939736432116185 ], [ 6.133302136930427, 46.939714172645225 ], [ 6.133276887675923, 46.939698459834112 ], [ 6.133200225751134, 46.939651436333463 ], [ 6.1331603107933, 46.939627832475772 ], [ 6.13313044245822, 46.93961413746937 ], [ 6.133087316492516, 46.939580528964768 ], [ 6.133071685353666, 46.93956960055673 ], [ 6.133049491051585, 46.939524880433609 ], [ 6.13302614564844, 46.939469378819844 ], [ 6.133001522542251, 46.939428148776017 ], [ 6.132980251294819, 46.939399352401281 ], [ 6.132977152990257, 46.939395832381166 ], [ 6.132956766960654, 46.939373229285252 ], [ 6.132952612634108, 46.939369647870571 ], [ 6.13293514887399, 46.939356606716501 ], [ 6.132909263993565, 46.939341271538972 ], [ 6.132866334751663, 46.939326940409401 ], [ 6.132828337525262, 46.939315989326346 ], [ 6.132753117790904, 46.939300643838067 ], [ 6.132700658345428, 46.939285310260836 ], [ 6.132662690268956, 46.939268050874979 ], [ 6.132616388392425, 46.939229572690074 ], [ 6.132604618766051, 46.939219440307035 ], [ 6.132577713343888, 46.939195572683261 ], [ 6.132551760704636, 46.93916771446402 ], [ 6.132525046055073, 46.939140327487948 ], [ 6.132512206829393, 46.939125358421514 ], [ 6.132504629029579, 46.939117184521571 ], [ 6.132468954343354, 46.93908274248836 ], [ 6.132433030474983, 46.939041729442472 ], [ 6.13242151218211, 46.939033662659831 ], [ 6.132334150903276, 46.938972242116861 ], [ 6.132317232654525, 46.9389617991351 ], [ 6.132279101173282, 46.938934902674688 ], [ 6.132260218928181, 46.938922350517224 ], [ 6.13221732761645, 46.938895042787657 ], [ 6.132182524850891, 46.938873372096843 ], [ 6.132103655005828, 46.938822263030779 ], [ 6.131955078975379, 46.938719255030136 ], [ 6.13195191719006, 46.938716908094761 ], [ 6.131791043871496, 46.938587832940051 ], [ 6.131776411954799, 46.93857597614435 ], [ 6.13145186464275, 46.938312585000865 ], [ 6.13134558117564, 46.938228790950603 ], [ 6.13114703502103, 46.938067038920117 ], [ 6.131085765842388, 46.938019956240154 ], [ 6.131002222186991, 46.93794716770347 ], [ 6.1310008357541, 46.937945943886305 ], [ 6.130869610204094, 46.937858502067904 ], [ 6.130757043386256, 46.937788844749214 ], [ 6.130760573703008, 46.93775667091726 ], [ 6.130775148454581, 46.937624449109109 ], [ 6.130781507368287, 46.937566157640973 ], [ 6.130817558615213, 46.937239172756236 ], [ 6.130819990992198, 46.937217571209352 ], [ 6.130817927008733, 46.93721600537468 ], [ 6.130723026668365, 46.937142443966202 ], [ 6.130626484037276, 46.937054149640566 ], [ 6.130598137945253, 46.937025815410649 ], [ 6.130566322862672, 46.93698982626735 ], [ 6.130544562770157, 46.936966178835533 ], [ 6.130481917468702, 46.936911203884115 ], [ 6.130437997910242, 46.936875183150079 ], [ 6.130419455738392, 46.936857124978786 ], [ 6.130385435153246, 46.936819393580272 ], [ 6.13030740037157, 46.936746274709179 ], [ 6.130306560204308, 46.936745396469668 ], [ 6.130264924753048, 46.936712467347945 ], [ 6.130238504207408, 46.936690117859619 ], [ 6.130196546188377, 46.936640257457682 ], [ 6.130191711700728, 46.936631738571961 ], [ 6.130138679409779, 46.936538297140991 ], [ 6.13013220629286, 46.936528741490704 ], [ 6.130124424941508, 46.936519311486386 ], [ 6.130122041013201, 46.936516763160476 ], [ 6.130119347512172, 46.936513412286025 ], [ 6.130094905484635, 46.936495694556413 ], [ 6.130072142677804, 46.93648198599665 ], [ 6.130052465181029, 46.93647612298939 ], [ 6.130028821308035, 46.936469917194877 ], [ 6.130027881060002, 46.936469582311162 ], [ 6.130020911615809, 46.936465086101514 ], [ 6.130010197925556, 46.936457267558467 ], [ 6.129991454742776, 46.936442548724422 ], [ 6.129987090239655, 46.936439873985506 ], [ 6.129982851872308, 46.93643710571348 ], [ 6.129951630254483, 46.9364136250949 ], [ 6.12993394715569, 46.936401310330311 ], [ 6.129909747818703, 46.936392326300407 ], [ 6.129883179083643, 46.936383316522011 ], [ 6.129870373216633, 46.936377987674213 ], [ 6.129859525975659, 46.936374678070024 ], [ 6.129838100518661, 46.936365888995347 ], [ 6.129807593022253, 46.936343380113101 ], [ 6.129773991713913, 46.936319693770777 ], [ 6.129759469108559, 46.936311978668535 ], [ 6.129743691489125, 46.936303036163828 ], [ 6.129716716553546, 46.936287009076963 ], [ 6.129693375338855, 46.936274667754937 ], [ 6.129681053223937, 46.936268604895311 ], [ 6.129671997955871, 46.936264435641448 ], [ 6.129659607003891, 46.936259455927164 ], [ 6.12965303051803, 46.936257201684818 ], [ 6.129640062108663, 46.936251336588803 ], [ 6.129585170528961, 46.936232553593598 ], [ 6.129496584613711, 46.936177111349174 ], [ 6.129482046461574, 46.936169126316599 ], [ 6.129477156630552, 46.936166465827803 ], [ 6.129218035567491, 46.936010230561791 ], [ 6.129155614945915, 46.935972729492363 ], [ 6.128856360968117, 46.935800373052132 ], [ 6.128636568486503, 46.935671271875606 ], [ 6.128439891421642, 46.935555148746197 ], [ 6.128383122420996, 46.935522089257063 ], [ 6.128354487685166, 46.935506917893434 ], [ 6.128205299732657, 46.935429422133858 ], [ 6.128201765100186, 46.935427445651548 ], [ 6.128172831339502, 46.935411651618622 ], [ 6.128105934899487, 46.935376343978241 ], [ 6.128029123828308, 46.935333376104474 ], [ 6.127953948645944, 46.935286849620482 ], [ 6.127900951489804, 46.93525530942437 ], [ 6.127817859219973, 46.935199266292344 ], [ 6.127639976282749, 46.935075963796344 ], [ 6.127627109701705, 46.935067302422254 ], [ 6.127611932249065, 46.935057352179548 ], [ 6.127564067013433, 46.935028105404129 ], [ 6.127480434780911, 46.934980907129805 ], [ 6.12744578736848, 46.93496184397236 ], [ 6.12724111680493, 46.934850711525755 ], [ 6.127231211465827, 46.934845483885717 ], [ 6.127164415221071, 46.934811885030825 ], [ 6.127142198808994, 46.934800774180751 ], [ 6.127078578391285, 46.934772044934888 ], [ 6.126932407655, 46.934707981685591 ], [ 6.126837656878474, 46.934666400996825 ], [ 6.1268144210927, 46.934655858389327 ], [ 6.126750380981251, 46.934626689828292 ], [ 6.126681212030902, 46.934590722224399 ], [ 6.126632884791007, 46.934562568897277 ], [ 6.126504815153246, 46.934486209985273 ], [ 6.126473477913316, 46.934467507258226 ], [ 6.126468021400408, 46.934464141174793 ], [ 6.126467475228851, 46.934463795569911 ], [ 6.126346716919706, 46.934391022563361 ], [ 6.126129310669323, 46.93426203233286 ], [ 6.126117300191626, 46.934254518954383 ], [ 6.126046172377295, 46.93420968360811 ], [ 6.126022540287004, 46.934194556176706 ], [ 6.12594382740037, 46.934139113803163 ], [ 6.125943554317906, 46.934138940999468 ], [ 6.12589295214733, 46.934103280166362 ], [ 6.125884980746242, 46.934097369203009 ], [ 6.125772421620523, 46.934011668183224 ], [ 6.125689613045486, 46.933953633571278 ], [ 6.125644865541079, 46.933923670718293 ], [ 6.125533677746898, 46.933848024190624 ], [ 6.125425192460606, 46.933769060423231 ], [ 6.125423396642613, 46.933767577330016 ], [ 6.125398995110968, 46.933748235652594 ], [ 6.125332811327824, 46.933695606738574 ], [ 6.125289079844525, 46.933662732792406 ], [ 6.125271944862371, 46.933650762913032 ], [ 6.125217035445806, 46.933615669170557 ], [ 6.125154810226585, 46.933576899268758 ], [ 6.125046444327369, 46.933502257034434 ], [ 6.124981726599636, 46.933459049333592 ], [ 6.124898253960808, 46.933398599329763 ], [ 6.124748103312043, 46.933288326742996 ], [ 6.124722483804358, 46.933268387220586 ], [ 6.124673458267824, 46.933216734305461 ], [ 6.124646762286174, 46.933187272690517 ], [ 6.124605100811629, 46.933137852903634 ], [ 6.12458496536793, 46.933101275165775 ], [ 6.124578090576671, 46.933089297253801 ], [ 6.124576495080654, 46.933086727439623 ], [ 6.124558921322707, 46.933053504265942 ], [ 6.12455343924792, 46.933040587519265 ], [ 6.124545084716018, 46.933025766332776 ], [ 6.124545079516317, 46.933025676367464 ], [ 6.124535250434355, 46.933008101873085 ], [ 6.12449363251264, 46.932938947581285 ], [ 6.124466301072784, 46.932900762847069 ], [ 6.124447462032863, 46.932875233009597 ], [ 6.124434259867683, 46.932858470831988 ], [ 6.124389247848795, 46.932807970454341 ], [ 6.124336964506913, 46.932750008205453 ], [ 6.12427210582319, 46.932681574185722 ], [ 6.124271691019334, 46.9326812250088 ], [ 6.124271276215483, 46.932680875831849 ], [ 6.124269753535001, 46.93267956552792 ], [ 6.124262145332904, 46.932673103973322 ], [ 6.124254632073989, 46.932666009099336 ], [ 6.124220662502526, 46.932633590912182 ], [ 6.124199624879425, 46.932604155978105 ], [ 6.124164415292706, 46.932554831410812 ], [ 6.124160410364451, 46.9325492633115 ], [ 6.124092997720701, 46.932500361420971 ], [ 6.12406725541917, 46.932476009884439 ], [ 6.12402500430123, 46.932439130674666 ], [ 6.124010906289298, 46.932427348591972 ], [ 6.123835570635859, 46.932334157152617 ], [ 6.123712236576705, 46.932269020333521 ], [ 6.12365977124499, 46.93224431196699 ], [ 6.123555754869129, 46.932194780271736 ], [ 6.123463773639399, 46.932137263171157 ], [ 6.123371125538634, 46.932079583867633 ], [ 6.123359767402291, 46.932071962429269 ], [ 6.123209018475366, 46.931971705997434 ], [ 6.123143600601723, 46.931927705357339 ], [ 6.123135524474051, 46.931922247587231 ], [ 6.123071006673416, 46.931875609426733 ], [ 6.12299869114332, 46.931823776225833 ], [ 6.122925185730112, 46.931776390444121 ], [ 6.122910293520367, 46.93176679231437 ], [ 6.122812685271214, 46.931721141069154 ], [ 6.122662659217918, 46.931635641803787 ], [ 6.122653406379784, 46.931630306001672 ], [ 6.122678332337512, 46.931606382987461 ], [ 6.122682821294007, 46.931602116429119 ], [ 6.122702890256362, 46.931582920474 ], [ 6.122693359167651, 46.931577321898047 ], [ 6.122624572875998, 46.931536475894603 ], [ 6.122593112045307, 46.931526966369887 ], [ 6.122585212707047, 46.931524567385878 ], [ 6.122554776572588, 46.93151457954697 ], [ 6.12228740027287, 46.931403696617224 ], [ 6.122200929926128, 46.931366393236871 ], [ 6.122148118922563, 46.931342504542215 ], [ 6.122135257860228, 46.931336185206852 ], [ 6.122110104083887, 46.931321999323572 ], [ 6.122100472942821, 46.931316944050046 ], [ 6.122045001911533, 46.931287991337541 ], [ 6.121941418378668, 46.931232229199367 ], [ 6.121882252346054, 46.931198510800776 ], [ 6.12181894654571, 46.931140936282141 ], [ 6.12172296065313, 46.931075506929396 ], [ 6.121713826674762, 46.931065392203628 ], [ 6.121687568920485, 46.931036638932639 ], [ 6.121657688779762, 46.931004379556207 ], [ 6.121646040208388, 46.930991719878143 ], [ 6.121610970652281, 46.930958429718402 ], [ 6.121553360896482, 46.930899259029808 ], [ 6.121543355878578, 46.930887726192068 ], [ 6.121481747633442, 46.930813976487997 ], [ 6.121454285116933, 46.930780299966166 ], [ 6.121413732479072, 46.930729497482808 ], [ 6.121391463202236, 46.930699194388104 ], [ 6.1213789087818, 46.930682234127552 ], [ 6.121362587324656, 46.930666096776591 ], [ 6.121312884692138, 46.930598061548871 ], [ 6.121277254696932, 46.930586952618455 ], [ 6.121229287755797, 46.930539865090822 ], [ 6.121177750487967, 46.930490171083129 ], [ 6.121072358305704, 46.930384808672116 ], [ 6.120959657298887, 46.930282707779767 ], [ 6.120939172868811, 46.930262808578995 ], [ 6.120920862440976, 46.930244111969749 ], [ 6.120901729188298, 46.930222554247734 ], [ 6.12089143281576, 46.930215084031893 ], [ 6.120873601794148, 46.930186462741915 ], [ 6.120867435280211, 46.930177619162457 ], [ 6.120839762043833, 46.930138001202842 ], [ 6.120838792301496, 46.93013487375341 ], [ 6.120819500432451, 46.93009917363505 ], [ 6.120796425304999, 46.930057178453126 ], [ 6.120747862302938, 46.929967847058727 ], [ 6.120738302861947, 46.929950355075086 ], [ 6.12068155625423, 46.929844575677393 ], [ 6.120676094697322, 46.929834271293146 ], [ 6.120657490844944, 46.92979909315104 ], [ 6.120638345289208, 46.929772760091666 ], [ 6.120573964917194, 46.929669169761112 ], [ 6.120549906854637, 46.92964432134594 ], [ 6.120548557220136, 46.929643727159167 ], [ 6.12048917893318, 46.929585775269381 ], [ 6.120419018664327, 46.929516491681682 ], [ 6.120414404437859, 46.929511750923012 ], [ 6.120321763960447, 46.929415323442491 ], [ 6.12028340874435, 46.929372931067334 ], [ 6.120267305456774, 46.929353724053293 ], [ 6.120259815474128, 46.929344736077034 ], [ 6.120248998614533, 46.929330521937644 ], [ 6.120175451020287, 46.929229882878573 ], [ 6.120117863015025, 46.929143679073057 ], [ 6.120083198154923, 46.929090013517268 ], [ 6.120064662438345, 46.929056004824801 ], [ 6.119967330302274, 46.928901044985039 ], [ 6.119689746090663, 46.928726907992555 ], [ 6.119661224308076, 46.928709028356359 ], [ 6.119649540908078, 46.928702586766931 ], [ 6.119630936651864, 46.928692458018972 ], [ 6.11969991762778, 46.928670676580268 ], [ 6.11981464718225, 46.928632518356608 ], [ 6.119900337946619, 46.928594876111546 ], [ 6.119946316826676, 46.928564256290557 ], [ 6.120008341937157, 46.928497159378793 ], [ 6.120041369552648, 46.928447247102717 ], [ 6.120072523462992, 46.928371705276653 ], [ 6.120057306010276, 46.928301744422157 ], [ 6.119997227770023, 46.928179205077939 ], [ 6.119993959628074, 46.928172715830314 ], [ 6.119876692168839, 46.927936659546702 ], [ 6.119720584509892, 46.927611008067032 ], [ 6.119705697064165, 46.927489767766247 ], [ 6.119632958500496, 46.92737117534471 ], [ 6.119359273407285, 46.926904266988856 ], [ 6.119195507533588, 46.926685147624248 ], [ 6.119097115195678, 46.926493452472435 ], [ 6.119001165926073, 46.926339535730811 ], [ 6.118768363512007, 46.925744379263165 ], [ 6.118759197395005, 46.925722281062413 ], [ 6.118569579011707, 46.925317070497641 ], [ 6.1182295536275, 46.924598036151309 ], [ 6.118043928038498, 46.924202628408707 ], [ 6.117991980907269, 46.924033913821745 ], [ 6.117805847305489, 46.923896493762477 ], [ 6.117701315803231, 46.923826246739026 ], [ 6.117499401917587, 46.92369339819377 ], [ 6.116993146805114, 46.923359648198982 ], [ 6.116910871987138, 46.923303575686283 ], [ 6.116556463670478, 46.923071409735947 ], [ 6.116517425956949, 46.922925772937582 ], [ 6.11658726560318, 46.922793499663889 ], [ 6.116608074059074, 46.922675348013478 ], [ 6.11660705969989, 46.922669158126105 ], [ 6.11657420487723, 46.922480193151181 ], [ 6.116447279499429, 46.922279176032944 ], [ 6.116217843868831, 46.922129589397414 ], [ 6.1160267076683, 46.922016991132267 ], [ 6.116014119041974, 46.922008501255974 ], [ 6.115721701415325, 46.921795200269557 ], [ 6.115707639089009, 46.921783956929985 ], [ 6.115648955408744, 46.921735535257369 ], [ 6.115489306596793, 46.921598746965735 ], [ 6.115420344859222, 46.921522580133171 ], [ 6.115114414037664, 46.921382809444282 ], [ 6.115097328367741, 46.921376153108213 ], [ 6.114973039702846, 46.921328063576574 ], [ 6.114894434489791, 46.921287659083802 ], [ 6.114513895336246, 46.92105123808409 ], [ 6.114311441672262, 46.920913262877001 ], [ 6.11412140447634, 46.920776213142084 ], [ 6.114099027307566, 46.920759878146711 ], [ 6.113680045442708, 46.920449525503713 ], [ 6.113489845763501, 46.920257063886929 ], [ 6.113298761443746, 46.920056065805348 ], [ 6.112968819260109, 46.919711406547648 ], [ 6.112940329123205, 46.91968253158057 ], [ 6.112833711835106, 46.91959864067676 ], [ 6.112544305362434, 46.919382367393588 ], [ 6.112351056548908, 46.919139076461462 ], [ 6.112339649426683, 46.919125958871035 ], [ 6.112102355627628, 46.918823396439187 ], [ 6.111597628394365, 46.918597079737381 ], [ 6.111576924990761, 46.918584663741051 ], [ 6.111473823215055, 46.918516084847852 ], [ 6.11116788036635, 46.918279620741636 ], [ 6.110550296159292, 46.918043552906425 ], [ 6.110530330585005, 46.918034811157142 ], [ 6.110434545952367, 46.917985947233461 ], [ 6.110041186465221, 46.917793379838066 ], [ 6.109609778841211, 46.917583997376241 ], [ 6.109590171274933, 46.917574615063678 ], [ 6.109575319586381, 46.917567897640424 ], [ 6.109294817257319, 46.917442023027704 ], [ 6.109008322214279, 46.917323968536373 ], [ 6.108559920738327, 46.917157390871772 ], [ 6.108367892127609, 46.917017232280699 ], [ 6.107855487371143, 46.916663607117798 ], [ 6.107829197581113, 46.916645484329173 ], [ 6.107503167970645, 46.916413697948805 ], [ 6.10747978558414, 46.916398109718479 ], [ 6.107391892713436, 46.916351463339055 ], [ 6.107165203500351, 46.916239630199087 ], [ 6.106845686590596, 46.915921975575579 ], [ 6.106744356675723, 46.91582910638774 ], [ 6.106706827296994, 46.916260825311277 ], [ 6.106658208305522, 46.916581922815219 ], [ 6.106653703614976, 46.916608805791441 ], [ 6.106610439995516, 46.916862900154854 ], [ 6.10649516750814, 46.916840959760869 ], [ 6.10641014800928, 46.91685577751177 ], [ 6.106190190754449, 46.916879460459121 ], [ 6.106176041522088, 46.916880382674037 ], [ 6.106043388687136, 46.916883239149406 ], [ 6.105971752550015, 46.916879223945713 ], [ 6.105917633844635, 46.916877980139482 ], [ 6.105768165958562, 46.916862818014792 ], [ 6.10566090605465, 46.916843003493014 ], [ 6.105556952725811, 46.916814359445056 ], [ 6.105147546563297, 46.916689968279201 ], [ 6.104816994129275, 46.916569306995768 ], [ 6.104612788719894, 46.916553546485375 ], [ 6.104511153628785, 46.916540066927318 ], [ 6.1041679089479, 46.916496065611085 ], [ 6.104142305117849, 46.916492160254926 ], [ 6.103967110290165, 46.916466335852149 ], [ 6.103830756855117, 46.916441356719879 ], [ 6.103812989621141, 46.916436519264401 ], [ 6.103668799049212, 46.916391837746524 ], [ 6.103528051974477, 46.916338413107233 ], [ 6.103430608886161, 46.916292561769367 ], [ 6.103392029735306, 46.916271074803106 ], [ 6.103248710006515, 46.916175099097408 ], [ 6.103209695121194, 46.916148307569671 ], [ 6.10310174647578, 46.916052279753032 ], [ 6.103025811472659, 46.915973320419972 ], [ 6.102961605394242, 46.915908552093946 ], [ 6.102885811052189, 46.915873290210655 ], [ 6.102829999391846, 46.915853979321547 ], [ 6.10278338499152, 46.915843701539401 ], [ 6.102781405224672, 46.915843574661039 ], [ 6.10259812021603, 46.915844006767699 ], [ 6.102511669244134, 46.915836153557564 ], [ 6.102413723270891, 46.915827348431534 ], [ 6.102271370938798, 46.915800907193798 ], [ 6.101955892830157, 46.915715874279883 ], [ 6.101651599386986, 46.915612608281663 ], [ 6.101513120424105, 46.915568851621238 ], [ 6.101456311899199, 46.915559658776424 ], [ 6.101393505617348, 46.915555943647348 ], [ 6.101253607656457, 46.915549348465866 ], [ 6.101142777121791, 46.915538276140857 ], [ 6.101091663670966, 46.91553208347959 ], [ 6.101083556620464, 46.915530589749366 ], [ 6.100980299010653, 46.915509401740003 ], [ 6.100941444842634, 46.91550143725582 ], [ 6.100924678269585, 46.91548422794083 ], [ 6.100842650415917, 46.91539984474597 ], [ 6.100803302965699, 46.915376395310439 ], [ 6.100731704237843, 46.915338586252439 ], [ 6.100316247821991, 46.915115134946319 ], [ 6.100251096329118, 46.915079675017935 ], [ 6.100079997351979, 46.914985254271201 ], [ 6.099882430257811, 46.914876407901552 ], [ 6.099632099714301, 46.914773846918514 ], [ 6.09962782096439, 46.914772610483972 ], [ 6.099426215011581, 46.914710276500486 ], [ 6.099329542159259, 46.914686927541332 ], [ 6.099262405652365, 46.914667288993066 ], [ 6.099238766928011, 46.914658644202845 ], [ 6.099109788433895, 46.914603906535177 ], [ 6.099018678007517, 46.914565179789548 ], [ 6.098938218267958, 46.914531032110389 ], [ 6.098621205999615, 46.914375388809148 ], [ 6.098464753775605, 46.914300124656357 ], [ 6.098009878193503, 46.914079167591666 ], [ 6.097810826243842, 46.913985585636752 ], [ 6.097664306069396, 46.913920685772617 ], [ 6.097542382360764, 46.913871973974224 ], [ 6.09748195863776, 46.91384782882011 ], [ 6.097422606120294, 46.913828610636784 ], [ 6.097388351364873, 46.913818268661551 ], [ 6.097157756363806, 46.913747880114364 ], [ 6.097009271597244, 46.913703756573568 ], [ 6.096917644834424, 46.913683513772668 ], [ 6.096844267789811, 46.913667375577809 ], [ 6.096680942729238, 46.913632751326553 ], [ 6.096605738049912, 46.913616842334577 ], [ 6.096557219207065, 46.913607694581906 ], [ 6.096352801859259, 46.913530563576913 ], [ 6.096145023785445, 46.913369454057289 ], [ 6.096033412565473, 46.913305596074792 ], [ 6.095918630278685, 46.913255248962372 ], [ 6.09582596691308, 46.913214579221062 ], [ 6.095823613988065, 46.913214822678874 ], [ 6.095751278058259, 46.913207666383812 ], [ 6.095733739203681, 46.913206786232521 ], [ 6.095597650274643, 46.913199991872368 ], [ 6.095354696255858, 46.913196159607914 ], [ 6.095019311353328, 46.913215444936078 ], [ 6.094392232271191, 46.913250045519128 ], [ 6.09436206635003, 46.913251396632681 ], [ 6.094177937869139, 46.913257604995351 ], [ 6.094076319020961, 46.913260335010484 ], [ 6.094046418280452, 46.913259426279616 ], [ 6.093915828191303, 46.913252211895028 ], [ 6.09386240334544, 46.913249231887285 ], [ 6.093863716155465, 46.913253792001193 ], [ 6.093693552255488, 46.913196100093472 ], [ 6.093305225387093, 46.913064524267881 ], [ 6.093093119916809, 46.91299309056982 ], [ 6.092559660000372, 46.912788459922808 ], [ 6.09224993671901, 46.912665492539986 ], [ 6.092179621271947, 46.912638456591367 ], [ 6.092124293423417, 46.91261137863475 ], [ 6.091822401817737, 46.912466664688608 ], [ 6.091640032002713, 46.912379382538361 ], [ 6.091441352831683, 46.912439229492229 ], [ 6.09143581541421, 46.912441270342612 ], [ 6.09071163009814, 46.912711560168184 ], [ 6.088193056914364, 46.913614215894647 ], [ 6.087515515293304, 46.91388440536906 ], [ 6.087403358775005, 46.913937510427004 ], [ 6.084782741762162, 46.915240817555102 ], [ 6.082578367928099, 46.916346404807328 ], [ 6.081710988021156, 46.916766166969744 ], [ 6.081687705549461, 46.916782197832489 ], [ 6.081331650941299, 46.917006893984919 ], [ 6.081169555635949, 46.917388499131533 ], [ 6.081137334879767, 46.917471536634871 ], [ 6.080297940669801, 46.919375825128213 ], [ 6.07959369878433, 46.921005637097103 ], [ 6.079218878782097, 46.921903728394334 ], [ 6.078997577487457, 46.922375484570864 ], [ 6.078938055626086, 46.922501149526248 ], [ 6.078650472037596, 46.923160111574504 ], [ 6.078354317563477, 46.92377722281946 ], [ 6.078104837305793, 46.924274057836563 ] ] ] } }
]
}
